Date,Time,Temperature,Humidity,Light,DateTime
2018/10/12,10:30:50,70.0,54.3,886.6,20181012103050
2018/10/12,10:30:52,73.1,54.7,874.3,20181012103052
2018/10/12,10:30:54,76.1,54.9,858.7,20181012103054
2018/10/12,10:30:56,78.8,54.9,840.6,20181012103056
2018/10/12,10:30:58,81.1,54.7,820.7,20181012103058
2018/10/12,10:31:00,82.9,54.3,799.9,20181012103100
2018/10/12,10:31:02,84.2,53.7,779.1,20181012103102
2018/10/12,10:31:04,84.9,52.9,759.2,20181012103104
2018/10/12,10:31:06,84.9,52.0,741.1,20181012103106
2018/10/12,10:31:08,84.2,51.0,725.6,20181012103108
2018/10/12,10:31:10,82.9,49.9,713.3,20181012103110
2018/10/12,10:31:12,81.1,48.9,704.8,20181012103112
2018/10/12,10:31:14,78.7,47.9,700.5,20181012103114
2018/10/12,10:31:16,76.0,47.0,700.5,20181012103116
2018/10/12,10:31:18,73.0,46.2,704.9,20181012103118
2018/10/12,10:31:20,69.9,45.6,713.4,20181012103120
2018/10/12,10:31:22,66.8,45.2,725.8,20181012103122
2018/10/12,10:31:24,63.8,45.0,741.3,20181012103124
2018/10/12,10:31:26,61.1,45.0,759.5,20181012103126
2018/10/12,10:31:28,58.8,45.2,779.4,20181012103128
2018/10/12,10:31:30,56.9,45.6,800.2,20181012103130
2018/10/12,10:31:32,55.7,46.2,821.0,20181012103132
2018/10/12,10:31:34,55.0,47.0,840.9,20181012103134
2018/10/12,10:31:36,55.0,47.9,858.9,20181012103136
2018/10/12,10:31:38,55.7,48.9,874.5,20181012103138
2018/10/12,10:31:40,57.0,50.0,886.7,20181012103140
2018/10/12,10:31:42,58.8,51.0,895.1,20181012103142
2018/10/12,10:31:44,61.2,52.0,899.4,20181012103144
2018/10/12,10:31:46,63.9,52.9,899.4,20181012103146
2018/10/12,10:31:48,66.9,53.7,895.0,20181012103148
2018/10/12,10:31:50,70.0,54.3,886.4,20181012103150
2018/10/12,10:31:52,73.1,54.7,874.0,20181012103152
2018/10/12,10:31:54,76.1,54.9,858.4,20181012103154
2018/10/12,10:31:56,78.8,54.9,840.3,20181012103156
2018/10/12,10:31:58,81.1,54.7,820.4,20181012103158
2018/10/12,10:32:00,83.0,54.3,799.5,20181012103200
2018/10/12,10:32:02,84.2,53.7,778.7,20181012103202
2018/10/12,10:32:04,84.9,52.9,758.9,20181012103204
2018/10/12,10:32:06,84.9,52.0,740.8,20181012103206
2018/10/12,10:32:08,84.2,51.0,725.3,20181012103208
2018/10/12,10:32:10,82.9,49.9,713.1,20181012103210
2018/10/12,10:32:12,81.0,48.9,704.7,20181012103212
2018/10/12,10:32:14,78.7,47.9,700.4,20181012103214
2018/10/12,10:32:16,76.0,47.0,700.6,20181012103216
2018/10/12,10:32:18,73.0,46.2,705.0,20181012103218
2018/10/12,10:32:20,69.9,45.6,713.6,20181012103220
2018/10/12,10:32:22,66.8,45.2,726.0,20181012103222
2018/10/12,10:32:24,63.8,45.0,741.6,20181012103224
2018/10/12,10:32:26,61.1,45.0,759.8,20181012103226
2018/10/12,10:32:28,58.7,45.2,779.7,20181012103228
2018/10/12,10:32:30,56.9,45.6,800.5,20181012103230
2018/10/12,10:32:32,55.7,46.3,821.3,20181012103232
2018/10/12,10:32:34,55.0,47.0,841.2,20181012103234
2018/10/12,10:32:36,55.0,47.9,859.2,20181012103236
2018/10/12,10:32:38,55.7,48.9,874.7,20181012103238
2018/10/12,10:32:40,57.0,50.0,886.9,20181012103240
2018/10/12,10:32:42,58.9,51.0,895.3,20181012103242
2018/10/12,10:32:44,61.2,52.0,899.5,20181012103244
2018/10/12,10:32:46,63.9,52.9,899.3,20181012103246
2018/10/12,10:32:48,66.9,53.7,894.8,20181012103248
2018/10/12,10:32:50,70.1,54.3,886.2,20181012103250
2018/10/12,10:32:52,73.2,54.7,873.8,20181012103252
2018/10/12,10:32:54,76.1,54.9,858.1,20181012103254
2018/10/12,10:32:56,78.9,54.9,840.0,20181012103256
2018/10/12,10:32:58,81.2,54.7,820.0,20181012103258
2018/10/12,10:33:00,83.0,54.3,799.2,20181012103300
2018/10/12,10:33:02,84.3,53.6,778.4,20181012103302
2018/10/12,10:33:04,84.9,52.9,758.6,20181012103304
2018/10/12,10:33:06,84.9,51.9,740.5,20181012103306
2018/10/12,10:33:08,84.2,51.0,725.1,20181012103308
2018/10/12,10:33:10,82.9,49.9,712.9,20181012103310
2018/10/12,10:33:12,81.0,48.9,704.6,20181012103312
2018/10/12,10:33:14,78.7,47.9,700.4,20181012103314
2018/10/12,10:33:16,75.9,47.0,700.6,20181012103316
2018/10/12,10:33:18,72.9,46.2,705.1,20181012103318
2018/10/12,10:33:20,69.8,45.6,713.8,20181012103320
2018/10/12,10:33:22,66.7,45.2,726.2,20181012103322
2018/10/12,10:33:24,63.7,45.0,741.9,20181012103324
2018/10/12,10:33:26,61.0,45.0,760.1,20181012103326
2018/10/12,10:33:28,58.7,45.2,780.1,20181012103328
2018/10/12,10:33:30,56.9,45.6,800.9,20181012103330
2018/10/12,10:33:32,55.6,46.3,821.7,20181012103332
2018/10/12,10:33:34,55.0,47.0,841.5,20181012103334
2018/10/12,10:33:36,55.0,48.0,859.5,20181012103336
2018/10/12,10:33:38,55.7,49.0,874.9,20181012103338
2018/10/12,10:33:40,57.0,50.0,887.0,20181012103340
2018/10/12,10:33:42,58.9,51.0,895.4,20181012103342
2018/10/12,10:33:44,61.3,52.0,899.5,20181012103344
2018/10/12,10:33:46,64.0,52.9,899.3,20181012103346
2018/10/12,10:33:48,67.0,53.7,894.7,20181012103348
2018/10/12,10:33:50,70.1,54.3,886.0,20181012103350
2018/10/12,10:33:52,73.2,54.7,873.6,20181012103352
2018/10/12,10:33:54,76.2,54.9,857.9,20181012103354
2018/10/12,10:33:56,78.9,54.9,839.6,20181012103356
2018/10/12,10:33:58,81.2,54.7,819.7,20181012103358
2018/10/12,10:34:00,83.0,54.3,798.8,20181012103400
2018/10/12,10:34:02,84.3,53.6,778.1,20181012103402
2018/10/12,10:34:04,84.9,52.8,758.2,20181012103404
2018/10/12,10:34:06,84.8,51.9,740.3,20181012103406
2018/10/12,10:34:08,84.2,50.9,724.9,20181012103408
2018/10/12,10:34:10,82.9,49.9,712.8,20181012103410
2018/10/12,10:34:12,81.0,48.9,704.5,20181012103412
2018/10/12,10:34:14,78.6,47.9,700.4,20181012103414
2018/10/12,10:34:16,75.9,47.0,700.6,20181012103416
2018/10/12,10:34:18,72.9,46.2,705.2,20181012103418
2018/10/12,10:34:20,69.8,45.6,714.0,20181012103420
2018/10/12,10:34:22,66.7,45.2,726.5,20181012103422
2018/10/12,10:34:24,63.7,45.0,742.2,20181012103424
2018/10/12,10:34:26,61.0,45.0,760.4,20181012103426
2018/10/12,10:34:28,58.7,45.2,780.4,20181012103428
2018/10/12,10:34:30,56.9,45.7,801.2,20181012103430
2018/10/12,10:34:32,55.6,46.3,822.0,20181012103432
2018/10/12,10:34:34,55.0,47.1,841.8,20181012103434
2018/10/12,10:34:36,55.1,48.0,859.8,20181012103436
2018/10/12,10:34:38,55.7,49.0,875.1,20181012103438
2018/10/12,10:34:40,57.1,50.0,887.2,20181012103440
2018/10/12,10:34:42,58.9,51.1,895.5,20181012103442
2018/10/12,10:34:44,61.3,52.0,899.5,20181012103444
2018/10/12,10:34:46,64.0,52.9,899.2,20181012103446
2018/10/12,10:34:48,67.0,53.7,894.6,20181012103448
2018/10/12,10:34:50,70.2,54.3,885.8,20181012103450
2018/10/12,10:34:52,73.3,54.7,873.3,20181012103452
2018/10/12,10:34:54,76.2,54.9,857.6,20181012103454
2018/10/12,10:34:56,78.9,54.9,839.3,20181012103456
2018/10/12,10:34:58,81.2,54.7,819.3,20181012103458
2018/10/12,10:35:00,83.0,54.2,798.5,20181012103500
2018/10/12,10:35:02,84.3,53.6,777.7,20181012103502
2018/10/12,10:35:04,84.9,52.8,757.9,20181012103504
2018/10/12,10:35:06,84.8,51.9,740.0,20181012103506
2018/10/12,10:35:08,84.1,50.9,724.6,20181012103508
2018/10/12,10:35:10,82.8,49.9,712.6,20181012103510
2018/10/12,10:35:12,80.9,48.8,704.4,20181012103512
2018/10/12,10:35:14,78.6,47.8,700.3,20181012103514
2018/10/12,10:35:16,75.8,46.9,700.7,20181012103516
2018/10/12,10:35:18,72.8,46.2,705.3,20181012103518
2018/10/12,10:35:20,69.7,45.6,714.1,20181012103520
2018/10/12,10:35:22,66.6,45.2,726.7,20181012103522
2018/10/12,10:35:24,63.6,45.0,742.5,20181012103524
2018/10/12,10:35:26,60.9,45.0,760.7,20181012103526
2018/10/12,10:35:28,58.6,45.2,780.7,20181012103528
2018/10/12,10:35:30,56.8,45.7,801.6,20181012103530
2018/10/12,10:35:32,55.6,46.3,822.3,20181012103532
2018/10/12,10:35:34,55.0,47.1,842.1,20181012103534
2018/10/12,10:35:36,55.1,48.0,860.1,20181012103536
2018/10/12,10:35:38,55.8,49.0,875.4,20181012103538
2018/10/12,10:35:40,57.1,50.0,887.4,20181012103540
2018/10/12,10:35:42,59.0,51.1,895.6,20181012103542
2018/10/12,10:35:44,61.3,52.1,899.6,20181012103544
2018/10/12,10:35:46,64.1,53.0,899.2,20181012103546
2018/10/12,10:35:48,67.1,53.7,894.5,20181012103548
2018/10/12,10:35:50,70.2,54.3,885.7,20181012103550
2018/10/12,10:35:52,73.3,54.7,873.1,20181012103552
2018/10/12,10:35:54,76.3,54.9,857.3,20181012103554
2018/10/12,10:35:56,79.0,54.9,839.0,20181012103556
2018/10/12,10:35:58,81.3,54.7,819.0,20181012103558
2018/10/12,10:36:00,83.1,54.2,798.1,20181012103600
2018/10/12,10:36:02,84.3,53.6,777.4,20181012103602
2018/10/12,10:36:04,84.9,52.8,757.6,20181012103604
2018/10/12,10:36:06,84.8,51.9,739.7,20181012103606
2018/10/12,10:36:08,84.1,50.9,724.4,20181012103608
2018/10/12,10:36:10,82.8,49.9,712.4,20181012103610
2018/10/12,10:36:12,80.9,48.8,704.3,20181012103612
2018/10/12,10:36:14,78.5,47.8,700.3,20181012103614
2018/10/12,10:36:16,75.8,46.9,700.7,20181012103616
2018/10/12,10:36:18,72.8,46.2,705.5,20181012103618
2018/10/12,10:36:20,69.7,45.6,714.3,20181012103620
2018/10/12,10:36:22,66.5,45.2,726.9,20181012103622
2018/10/12,10:36:24,63.6,45.0,742.8,20181012103624
2018/10/12,10:36:26,60.9,45.0,761.1,20181012103626
2018/10/12,10:36:28,58.6,45.2,781.1,20181012103628
2018/10/12,10:36:30,56.8,45.7,801.9,20181012103630
2018/10/12,10:36:32,55.6,46.3,822.7,20181012103632
2018/10/12,10:36:34,55.0,47.1,842.4,20181012103634
2018/10/12,10:36:36,55.1,48.0,860.3,20181012103636
2018/10/12,10:36:38,55.8,49.0,875.6,20181012103638
2018/10/12,10:36:40,57.1,50.1,887.6,20181012103640
2018/10/12,10:36:42,59.0,51.1,895.7,20181012103642
2018/10/12,10:36:44,61.4,52.1,899.6,20181012103644
2018/10/12,10:36:46,64.1,53.0,899.2,20181012103646
2018/10/12,10:36:48,67.1,53.7,894.4,20181012103648
2018/10/12,10:36:50,70.3,54.3,885.5,20181012103650
2018/10/12,10:36:52,73.4,54.7,872.8,20181012103652
2018/10/12,10:36:54,76.3,54.9,857.0,20181012103654
2018/10/12,10:36:56,79.0,54.9,838.7,20181012103656
2018/10/12,10:36:58,81.3,54.7,818.6,20181012103658
2018/10/12,10:37:00,83.1,54.2,797.8,20181012103700
2018/10/12,10:37:02,84.3,53.6,777.0,20181012103702
2018/10/12,10:37:04,84.9,52.8,757.3,20181012103704
2018/10/12,10:37:06,84.8,51.9,739.4,20181012103706
2018/10/12,10:37:08,84.1,50.9,724.2,20181012103708
2018/10/12,10:37:10,82.8,49.8,712.3,20181012103710
2018/10/12,10:37:12,80.9,48.8,704.2,20181012103712
2018/10/12,10:37:14,78.5,47.8,700.3,20181012103714
2018/10/12,10:37:16,75.7,46.9,700.8,20181012103716
2018/10/12,10:37:18,72.7,46.2,705.6,20181012103718
2018/10/12,10:37:20,69.6,45.6,714.5,20181012103720
2018/10/12,10:37:22,66.5,45.2,727.2,20181012103722
2018/10/12,10:37:24,63.5,45.0,743.0,20181012103724
2018/10/12,10:37:26,60.9,45.0,761.4,20181012103726
2018/10/12,10:37:28,58.6,45.2,781.4,20181012103728
2018/10/12,10:37:30,56.8,45.7,802.3,20181012103730
2018/10/12,10:37:32,55.6,46.3,823.0,20181012103732
2018/10/12,10:37:34,55.0,47.1,842.8,20181012103734
2018/10/12,10:37:36,55.1,48.0,860.6,20181012103736
2018/10/12,10:37:38,55.8,49.0,875.8,20181012103738
2018/10/12,10:37:40,57.1,50.1,887.7,20181012103740
2018/10/12,10:37:42,59.0,51.1,895.8,20181012103742
2018/10/12,10:37:44,61.4,52.1,899.6,20181012103744
2018/10/12,10:37:46,64.2,53.0,899.1,20181012103746
2018/10/12,10:37:48,67.2,53.7,894.3,20181012103748
2018/10/12,10:37:50,70.3,54.3,885.3,20181012103750
2018/10/12,10:37:52,73.4,54.7,872.6,20181012103752
2018/10/12,10:37:54,76.4,54.9,856.7,20181012103754
2018/10/12,10:37:56,79.1,54.9,838.3,20181012103756
2018/10/12,10:37:58,81.3,54.7,818.3,20181012103758
2018/10/12,10:38:00,83.1,54.2,797.4,20181012103800
2018/10/12,10:38:02,84.3,53.6,776.7,20181012103802
2018/10/12,10:38:04,84.9,52.8,757.0,20181012103804
2018/10/12,10:38:06,84.8,51.9,739.1,20181012103806
2018/10/12,10:38:08,84.1,50.9,724.0,20181012103808
2018/10/12,10:38:10,82.7,49.8,712.1,20181012103810
2018/10/12,10:38:12,80.8,48.8,704.1,20181012103812
2018/10/12,10:38:14,78.5,47.8,700.3,20181012103814
2018/10/12,10:38:16,75.7,46.9,700.8,20181012103816
2018/10/12,10:38:18,72.7,46.1,705.7,20181012103818
2018/10/12,10:38:20,69.6,45.6,714.7,20181012103820
2018/10/12,10:38:22,66.4,45.2,727.4,20181012103822
2018/10/12,10:38:24,63.5,45.0,743.3,20181012103824
2018/10/12,10:38:26,60.8,45.0,761.7,20181012103826
2018/10/12,10:38:28,58.5,45.2,781.8,20181012103828
2018/10/12,10:38:30,56.8,45.7,802.6,20181012103830
2018/10/12,10:38:32,55.6,46.3,823.4,20181012103832
2018/10/12,10:38:34,55.0,47.1,843.1,20181012103834
2018/10/12,10:38:36,55.1,48.0,860.9,20181012103836
2018/10/12,10:38:38,55.8,49.0,876.1,20181012103838
2018/10/12,10:38:40,57.2,50.1,887.9,20181012103840
2018/10/12,10:38:42,59.1,51.1,895.9,20181012103842
2018/10/12,10:38:44,61.5,52.1,899.7,20181012103844
2018/10/12,10:38:46,64.2,53.0,899.1,20181012103846
2018/10/12,10:38:48,67.2,53.8,894.2,20181012103848
2018/10/12,10:38:50,70.4,54.3,885.1,20181012103850
2018/10/12,10:38:52,73.5,54.7,872.4,20181012103852
2018/10/12,10:38:54,76.4,54.9,856.4,20181012103854
2018/10/12,10:38:56,79.1,54.9,838.0,20181012103856
2018/10/12,10:38:58,81.4,54.7,818.0,20181012103858
2018/10/12,10:39:00,83.1,54.2,797.1,20181012103900
2018/10/12,10:39:02,84.3,53.6,776.4,20181012103902
2018/10/12,10:39:04,84.9,52.8,756.7,20181012103904
2018/10/12,10:39:06,84.8,51.9,738.9,20181012103906
2018/10/12,10:39:08,84.1,50.8,723.7,20181012103908
2018/10/12,10:39:10,82.7,49.8,711.9,20181012103910
2018/10/12,10:39:12,80.8,48.8,704.0,20181012103912
2018/10/12,10:39:14,78.4,47.8,700.2,20181012103914
2018/10/12,10:39:16,75.6,46.9,700.8,20181012103916
2018/10/12,10:39:18,72.6,46.1,705.8,20181012103918
2018/10/12,10:39:20,69.5,45.5,714.9,20181012103920
2018/10/12,10:39:22,66.4,45.2,727.7,20181012103922
2018/10/12,10:39:24,63.4,45.0,743.6,20181012103924
2018/10/12,10:39:26,60.8,45.0,762.0,20181012103926
2018/10/12,10:39:28,58.5,45.2,782.1,20181012103928
2018/10/12,10:39:30,56.7,45.7,803.0,20181012103930
2018/10/12,10:39:32,55.5,46.3,823.7,20181012103932
2018/10/12,10:39:34,55.0,47.1,843.4,20181012103934
2018/10/12,10:39:36,55.1,48.1,861.2,20181012103936
2018/10/12,10:39:38,55.8,49.1,876.3,20181012103938
2018/10/12,10:39:40,57.2,50.1,888.1,20181012103940
2018/10/12,10:39:42,59.1,51.1,896.0,20181012103942
2018/10/12,10:39:44,61.5,52.1,899.7,20181012103944
2018/10/12,10:39:46,64.3,53.0,899.0,20181012103946
2018/10/12,10:39:48,67.3,53.8,894.0,20181012103948
2018/10/12,10:39:50,70.4,54.4,884.9,20181012103950
2018/10/12,10:39:52,73.5,54.8,872.1,20181012103952
2018/10/12,10:39:54,76.5,54.9,856.1,20181012103954
2018/10/12,10:39:56,79.1,54.9,837.7,20181012103956
2018/10/12,10:39:58,81.4,54.7,817.6,20181012103958
2018/10/12,10:40:00,83.2,54.2,796.7,20181012104000
2018/10/12,10:40:02,84.4,53.6,776.0,20181012104002
2018/10/12,10:40:04,84.9,52.8,756.4,20181012104004
2018/10/12,10:40:06,84.8,51.8,738.6,20181012104006
2018/10/12,10:40:08,84.1,50.8,723.5,20181012104008
2018/10/12,10:40:10,82.7,49.8,711.8,20181012104010
2018/10/12,10:40:12,80.8,48.8,703.9,20181012104012
2018/10/12,10:40:14,78.4,47.8,700.2,20181012104014
2018/10/12,10:40:16,75.6,46.9,700.9,20181012104016
2018/10/12,10:40:18,72.6,46.1,705.9,20181012104018
2018/10/12,10:40:20,69.5,45.5,715.1,20181012104020
2018/10/12,10:40:22,66.3,45.1,727.9,20181012104022
2018/10/12,10:40:24,63.4,45.0,743.9,20181012104024
2018/10/12,10:40:26,60.7,45.0,762.4,20181012104026
2018/10/12,10:40:28,58.5,45.2,782.5,20181012104028
2018/10/12,10:40:30,56.7,45.7,803.3,20181012104030
2018/10/12,10:40:32,55.5,46.3,824.0,20181012104032
2018/10/12,10:40:34,55.0,47.2,843.7,20181012104034
2018/10/12,10:40:36,55.1,48.1,861.5,20181012104036
2018/10/12,10:40:38,55.9,49.1,876.5,20181012104038
2018/10/12,10:40:40,57.2,50.1,888.2,20181012104040
2018/10/12,10:40:42,59.2,51.2,896.1,20181012104042
2018/10/12,10:40:44,61.6,52.1,899.7,20181012104044
2018/10/12,10:40:46,64.3,53.0,899.0,20181012104046
2018/10/12,10:40:48,67.3,53.8,893.9,20181012104048
2018/10/12,10:40:50,70.5,54.4,884.8,20181012104050
2018/10/12,10:40:52,73.6,54.8,871.9,20181012104052
2018/10/12,10:40:54,76.5,54.9,855.8,20181012104054
2018/10/12,10:40:56,79.2,54.9,837.4,20181012104056
2018/10/12,10:40:58,81.4,54.6,817.3,20181012104058
2018/10/12,10:41:00,83.2,54.2,796.4,20181012104100
2018/10/12,10:41:02,84.4,53.5,775.7,20181012104102
2018/10/12,10:41:04,84.9,52.7,756.0,20181012104104
2018/10/12,10:41:06,84.8,51.8,738.3,20181012104106
2018/10/12,10:41:08,84.0,50.8,723.3,20181012104108
2018/10/12,10:41:10,82.7,49.8,711.6,20181012104110
2018/10/12,10:41:12,80.7,48.7,703.8,20181012104112
2018/10/12,10:41:14,78.3,47.8,700.2,20181012104114
2018/10/12,10:41:16,75.5,46.9,700.9,20181012104116
2018/10/12,10:41:18,72.5,46.1,706.0,20181012104118
2018/10/12,10:41:20,69.4,45.5,715.2,20181012104120
2018/10/12,10:41:22,66.3,45.1,728.1,20181012104122
2018/10/12,10:41:24,63.3,45.0,744.2,20181012104124
2018/10/12,10:41:26,60.7,45.0,762.7,20181012104126
2018/10/12,10:41:28,58.4,45.3,782.8,20181012104128
2018/10/12,10:41:30,56.7,45.7,803.7,20181012104130
2018/10/12,10:41:32,55.5,46.4,824.4,20181012104132
2018/10/12,10:41:34,55.0,47.2,844.0,20181012104134
2018/10/12,10:41:36,55.1,48.1,861.7,20181012104136
2018/10/12,10:41:38,55.9,49.1,876.7,20181012104138
2018/10/12,10:41:40,57.3,50.1,888.4,20181012104140
2018/10/12,10:41:42,59.2,51.2,896.2,20181012104142
2018/10/12,10:41:44,61.6,52.2,899.7,20181012104144
2018/10/12,10:41:46,64.4,53.0,898.9,20181012104146
2018/10/12,10:41:48,67.4,53.8,893.8,20181012104148
2018/10/12,10:41:50,70.5,54.4,884.6,20181012104150
2018/10/12,10:41:52,73.6,54.8,871.6,20181012104152
2018/10/12,10:41:54,76.6,54.9,855.6,20181012104154
2018/10/12,10:41:56,79.2,54.9,837.1,20181012104156
2018/10/12,10:41:58,81.5,54.6,816.9,20181012104158
2018/10/12,10:42:00,83.2,54.2,796.1,20181012104200
2018/10/12,10:42:02,84.4,53.5,775.3,20181012104202
2018/10/12,10:42:04,84.9,52.7,755.7,20181012104204
2018/10/12,10:42:06,84.8,51.8,738.0,20181012104206
2018/10/12,10:42:08,84.0,50.8,723.1,20181012104208
2018/10/12,10:42:10,82.6,49.8,711.4,20181012104210
2018/10/12,10:42:12,80.7,48.7,703.7,20181012104212
2018/10/12,10:42:14,78.3,47.7,700.2,20181012104214
2018/10/12,10:42:16,75.5,46.9,701.0,20181012104216
2018/10/12,10:42:18,72.5,46.1,706.2,20181012104218
2018/10/12,10:42:20,69.3,45.5,715.4,20181012104220
2018/10/12,10:42:22,66.2,45.1,728.4,20181012104222
2018/10/12,10:42:24,63.3,45.0,744.5,20181012104224
2018/10/12,10:42:26,60.6,45.0,763.0,20181012104226
2018/10/12,10:42:28,58.4,45.3,783.1,20181012104228
2018/10/12,10:42:30,56.7,45.7,804.0,20181012104230
2018/10/12,10:42:32,55.5,46.4,824.7,20181012104232
2018/10/12,10:42:34,55.0,47.2,844.3,20181012104234
2018/10/12,10:42:36,55.1,48.1,862.0,20181012104236
2018/10/12,10:42:38,55.9,49.1,877.0,20181012104238
2018/10/12,10:42:40,57.3,50.2,888.5,20181012104240
2018/10/12,10:42:42,59.2,51.2,896.3,20181012104242
2018/10/12,10:42:44,61.6,52.2,899.8,20181012104244
2018/10/12,10:42:46,64.4,53.1,898.9,20181012104246
2018/10/12,10:42:48,67.4,53.8,893.7,20181012104248
2018/10/12,10:42:50,70.6,54.4,884.4,20181012104250
2018/10/12,10:42:52,73.7,54.8,871.4,20181012104252
2018/10/12,10:42:54,76.6,54.9,855.3,20181012104254
2018/10/12,10:42:56,79.3,54.9,836.7,20181012104256
2018/10/12,10:42:58,81.5,54.6,816.6,20181012104258
2018/10/12,10:43:00,83.2,54.2,795.7,20181012104300
2018/10/12,10:43:02,84.4,53.5,775.0,20181012104302
2018/10/12,10:43:04,84.9,52.7,755.4,20181012104304
2018/10/12,10:43:06,84.8,51.8,737.8,20181012104306
2018/10/12,10:43:08,84.0,50.8,722.8,20181012104308
2018/10/12,10:43:10,82.6,49.7,711.3,20181012104310
2018/10/12,10:43:12,80.7,48.7,703.6,20181012104312
2018/10/12,10:43:14,78.2,47.7,700.1,20181012104314
2018/10/12,10:43:16,75.5,46.8,701.0,20181012104316
2018/10/12,10:43:18,72.4,46.1,706.3,20181012104318
2018/10/12,10:43:20,69.3,45.5,715.6,20181012104320
2018/10/12,10:43:22,66.2,45.1,728.6,20181012104322
2018/10/12,10:43:24,63.3,45.0,744.8,20181012104324
2018/10/12,10:43:26,60.6,45.0,763.3,20181012104326
2018/10/12,10:43:28,58.4,45.3,783.5,20181012104328
2018/10/12,10:43:30,56.6,45.7,804.4,20181012104330
2018/10/12,10:43:32,55.5,46.4,825.1,20181012104332
2018/10/12,10:43:34,55.0,47.2,844.6,20181012104334
2018/10/12,10:43:36,55.1,48.1,862.3,20181012104336
2018/10/12,10:43:38,55.9,49.1,877.2,20181012104338
2018/10/12,10:43:40,57.3,50.2,888.7,20181012104340
2018/10/12,10:43:42,59.3,51.2,896.3,20181012104342
2018/10/12,10:43:44,61.7,52.2,899.8,20181012104344
2018/10/12,10:43:46,64.5,53.1,898.8,20181012104346
2018/10/12,10:43:48,67.5,53.8,893.6,20181012104348
2018/10/12,10:43:50,70.6,54.4,884.2,20181012104350
2018/10/12,10:43:52,73.7,54.8,871.1,20181012104352
2018/10/12,10:43:54,76.7,54.9,855.0,20181012104354
2018/10/12,10:43:56,79.3,54.9,836.4,20181012104356
2018/10/12,10:43:58,81.5,54.6,816.2,20181012104358
2018/10/12,10:44:00,83.3,54.2,795.4,20181012104400
2018/10/12,10:44:02,84.4,53.5,774.7,20181012104402
2018/10/12,10:44:04,84.9,52.7,755.1,20181012104404
2018/10/12,10:44:06,84.8,51.8,737.5,20181012104406
2018/10/12,10:44:08,84.0,50.8,722.6,20181012104408
2018/10/12,10:44:10,82.6,49.7,711.1,20181012104410
2018/10/12,10:44:12,80.6,48.7,703.5,20181012104412
2018/10/12,10:44:14,78.2,47.7,700.1,20181012104414
2018/10/12,10:44:16,75.4,46.8,701.1,20181012104416
2018/10/12,10:44:18,72.4,46.1,706.4,20181012104418
2018/10/12,10:44:20,69.2,45.5,715.8,20181012104420
2018/10/12,10:44:22,66.1,45.1,728.9,20181012104422
2018/10/12,10:44:24,63.2,45.0,745.1,20181012104424
2018/10/12,10:44:26,60.6,45.0,763.7,20181012104426
2018/10/12,10:44:28,58.3,45.3,783.8,20181012104428
2018/10/12,10:44:30,56.6,45.7,804.7,20181012104430
2018/10/12,10:44:32,55.5,46.4,825.4,20181012104432
2018/10/12,10:44:34,55.0,47.2,845.0,20181012104434
2018/10/12,10:44:36,55.1,48.1,862.5,20181012104436
2018/10/12,10:44:38,55.9,49.1,877.4,20181012104438
2018/10/12,10:44:40,57.3,50.2,888.9,20181012104440
2018/10/12,10:44:42,59.3,51.2,896.4,20181012104442
2018/10/12,10:44:44,61.7,52.2,899.8,20181012104444
2018/10/12,10:44:46,64.5,53.1,898.8,20181012104446
2018/10/12,10:44:48,67.6,53.8,893.4,20181012104448
2018/10/12,10:44:50,70.7,54.4,884.0,20181012104450
2018/10/12,10:44:52,73.8,54.8,870.9,20181012104452
2018/10/12,10:44:54,76.7,54.9,854.7,20181012104454
2018/10/12,10:44:56,79.4,54.9,836.1,20181012104456
2018/10/12,10:44:58,81.6,54.6,815.9,20181012104458
2018/10/12,10:45:00,83.3,54.2,795.0,20181012104500
2018/10/12,10:45:02,84.4,53.5,774.3,20181012104502
2018/10/12,10:45:04,84.9,52.7,754.8,20181012104504
2018/10/12,10:45:06,84.8,51.8,737.2,20181012104506
2018/10/12,10:45:08,84.0,50.7,722.4,20181012104508
2018/10/12,10:45:10,82.5,49.7,711.0,20181012104510
2018/10/12,10:45:12,80.6,48.7,703.4,20181012104512
2018/10/12,10:45:14,78.1,47.7,700.1,20181012104514
2018/10/12,10:45:16,75.4,46.8,701.2,20181012104516
2018/10/12,10:45:18,72.3,46.1,706.5,20181012104518
2018/10/12,10:45:20,69.2,45.5,716.0,20181012104520
2018/10/12,10:45:22,66.1,45.1,729.1,20181012104522
2018/10/12,10:45:24,63.2,45.0,745.4,20181012104524
2018/10/12,10:45:26,60.5,45.0,764.0,20181012104526
2018/10/12,10:45:28,58.3,45.3,784.2,20181012104528
2018/10/12,10:45:30,56.6,45.8,805.1,20181012104530
2018/10/12,10:45:32,55.5,46.4,825.7,20181012104532
2018/10/12,10:45:34,55.0,47.2,845.3,20181012104534
2018/10/12,10:45:36,55.1,48.2,862.8,20181012104536
2018/10/12,10:45:38,55.9,49.2,877.6,20181012104538
2018/10/12,10:45:40,57.4,50.2,889.0,20181012104540
2018/10/12,10:45:42,59.3,51.2,896.5,20181012104542
2018/10/12,10:45:44,61.8,52.2,899.8,20181012104544
2018/10/12,10:45:46,64.6,53.1,898.7,20181012104546
2018/10/12,10:45:48,67.6,53.8,893.3,20181012104548
2018/10/12,10:45:50,70.7,54.4,883.8,20181012104550
2018/10/12,10:45:52,73.8,54.8,870.7,20181012104552
2018/10/12,10:45:54,76.8,54.9,854.4,20181012104554
2018/10/12,10:45:56,79.4,54.9,835.8,20181012104556
2018/10/12,10:45:58,81.6,54.6,815.5,20181012104558
2018/10/12,10:46:00,83.3,54.1,794.7,20181012104600
2018/10/12,10:46:02,84.4,53.5,774.0,20181012104602
2018/10/12,10:46:04,84.9,52.7,754.5,20181012104604
2018/10/12,10:46:06,84.8,51.7,736.9,20181012104606
2018/10/12,10:46:08,83.9,50.7,722.2,20181012104608
2018/10/12,10:46:10,82.5,49.7,710.8,20181012104610
2018/10/12,10:46:12,80.5,48.6,703.3,20181012104612
2018/10/12,10:46:14,78.1,47.7,700.1,20181012104614
2018/10/12,10:46:16,75.3,46.8,701.2,20181012104616
2018/10/12,10:46:18,72.3,46.1,706.7,20181012104618
2018/10/12,10:46:20,69.1,45.5,716.2,20181012104620
2018/10/12,10:46:22,66.0,45.1,729.4,20181012104622
2018/10/12,10:46:24,63.1,45.0,745.7,20181012104624
2018/10/12,10:46:26,60.5,45.0,764.3,20181012104626
2018/10/12,10:46:28,58.3,45.3,784.5,20181012104628
2018/10/12,10:46:30,56.6,45.8,805.4,20181012104630
2018/10/12,10:46:32,55.5,46.4,826.1,20181012104632
2018/10/12,10:46:34,55.0,47.2,845.6,20181012104634
2018/10/12,10:46:36,55.1,48.2,863.1,20181012104636
2018/10/12,10:46:38,56.0,49.2,877.8,20181012104638
2018/10/12,10:46:40,57.4,50.2,889.2,20181012104640
2018/10/12,10:46:42,59.4,51.3,896.6,20181012104642
2018/10/12,10:46:44,61.8,52.2,899.8,20181012104644
2018/10/12,10:46:46,64.6,53.1,898.7,20181012104646
2018/10/12,10:46:48,67.7,53.8,893.2,20181012104648
2018/10/12,10:46:50,70.8,54.4,883.6,20181012104650
2018/10/12,10:46:52,73.9,54.8,870.4,20181012104652
2018/10/12,10:46:54,76.8,54.9,854.1,20181012104654
2018/10/12,10:46:56,79.4,54.9,835.4,20181012104656
2018/10/12,10:46:58,81.6,54.6,815.2,20181012104658
2018/10/12,10:47:00,83.3,54.1,794.3,20181012104700
2018/10/12,10:47:02,84.5,53.5,773.7,20181012104702
2018/10/12,10:47:04,84.9,52.7,754.2,20181012104704
2018/10/12,10:47:06,84.8,51.7,736.7,20181012104706
2018/10/12,10:47:08,83.9,50.7,721.9,20181012104708
2018/10/12,10:47:10,82.5,49.7,710.6,20181012104710
2018/10/12,10:47:12,80.5,48.6,703.2,20181012104712
2018/10/12,10:47:14,78.1,47.7,700.1,20181012104714
2018/10/12,10:47:16,75.3,46.8,701.3,20181012104716
2018/10/12,10:47:18,72.2,46.0,706.8,20181012104718
2018/10/12,10:47:20,69.1,45.5,716.4,20181012104720
2018/10/12,10:47:22,66.0,45.1,729.6,20181012104722
2018/10/12,10:47:24,63.1,45.0,745.9,20181012104724
2018/10/12,10:47:26,60.4,45.0,764.6,20181012104726
2018/10/12,10:47:28,58.2,45.3,784.9,20181012104728
2018/10/12,10:47:30,56.5,45.8,805.8,20181012104730
2018/10/12,10:47:32,55.4,46.4,826.4,20181012104732
2018/10/12,10:47:34,55.0,47.3,845.9,20181012104734
2018/10/12,10:47:36,55.1,48.2,863.4,20181012104736
2018/10/12,10:47:38,56.0,49.2,878.1,20181012104738
2018/10/12,10:47:40,57.4,50.2,889.3,20181012104740
2018/10/12,10:47:42,59.4,51.3,896.7,20181012104742
2018/10/12,10:47:44,61.9,52.2,899.8,20181012104744
2018/10/12,10:47:46,64.7,53.1,898.6,20181012104746
2018/10/12,10:47:48,67.7,53.9,893.1,20181012104748
2018/10/12,10:47:50,70.8,54.4,883.4,20181012104750
2018/10/12,10:47:52,73.9,54.8,870.2,20181012104752
2018/10/12,10:47:54,76.9,54.9,853.8,20181012104754
2018/10/12,10:47:56,79.5,54.9,835.1,20181012104756
2018/10/12,10:47:58,81.7,54.6,814.9,20181012104758
2018/10/12,10:48:00,83.4,54.1,794.0,20181012104800
2018/10/12,10:48:02,84.5,53.5,773.3,20181012104802
2018/10/12,10:48:04,84.9,52.6,753.9,20181012104804
2018/10/12,10:48:06,84.7,51.7,736.4,20181012104806
2018/10/12,10:48:08,83.9,50.7,721.7,20181012104808
2018/10/12,10:48:10,82.5,49.6,710.5,20181012104810
2018/10/12,10:48:12,80.5,48.6,703.1,20181012104812
2018/10/12,10:48:14,78.0,47.6,700.0,20181012104814
2018/10/12,10:48:16,75.2,46.8,701.3,20181012104816
2018/10/12,10:48:18,72.2,46.0,706.9,20181012104818
2018/10/12,10:48:20,69.0,45.5,716.6,20181012104820
2018/10/12,10:48:22,65.9,45.1,729.9,20181012104822
2018/10/12,10:48:24,63.0,45.0,746.2,20181012104824
2018/10/12,10:48:26,60.4,45.0,765.0,20181012104826
2018/10/12,10:48:28,58.2,45.3,785.2,20181012104828
2018/10/12,10:48:30,56.5,45.8,806.1,20181012104830
2018/10/12,10:48:32,55.4,46.4,826.7,20181012104832
2018/10/12,10:48:34,55.0,47.3,846.2,20181012104834
2018/10/12,10:48:36,55.2,48.2,863.6,20181012104836
2018/10/12,10:48:38,56.0,49.2,878.3,20181012104838
2018/10/12,10:48:40,57.5,50.3,889.5,20181012104840
2018/10/12,10:48:42,59.5,51.3,896.8,20181012104842
2018/10/12,10:48:44,61.9,52.3,899.9,20181012104844
2018/10/12,10:48:46,64.7,53.1,898.6,20181012104846
2018/10/12,10:48:48,67.8,53.9,892.9,20181012104848
2018/10/12,10:48:50,70.9,54.4,883.2,20181012104850
2018/10/12,10:48:52,74.0,54.8,869.9,20181012104852
2018/10/12,10:48:54,76.9,54.9,853.5,20181012104854
2018/10/12,10:48:56,79.5,54.9,834.8,20181012104856
2018/10/12,10:48:58,81.7,54.6,814.5,20181012104858
2018/10/12,10:49:00,83.4,54.1,793.6,20181012104900
2018/10/12,10:49:02,84.5,53.4,773.0,20181012104902
2018/10/12,10:49:04,84.9,52.6,753.5,20181012104904
2018/10/12,10:49:06,84.7,51.7,736.1,20181012104906
2018/10/12,10:49:08,83.9,50.7,721.5,20181012104908
2018/10/12,10:49:10,82.4,49.6,710.3,20181012104910
2018/10/12,10:49:12,80.4,48.6,703.1,20181012104912
2018/10/12,10:49:14,78.0,47.6,700.0,20181012104914
2018/10/12,10:49:16,75.2,46.8,701.4,20181012104916
2018/10/12,10:49:18,72.1,46.0,707.0,20181012104918
2018/10/12,10:49:20,69.0,45.5,716.8,20181012104920
2018/10/12,10:49:22,65.9,45.1,730.1,20181012104922
2018/10/12,10:49:24,63.0,45.0,746.5,20181012104924
2018/10/12,10:49:26,60.4,45.0,765.3,20181012104926
2018/10/12,10:49:28,58.2,45.3,785.6,20181012104928
2018/10/12,10:49:30,56.5,45.8,806.5,20181012104930
2018/10/12,10:49:32,55.4,46.5,827.1,20181012104932
2018/10/12,10:49:34,55.0,47.3,846.5,20181012104934
2018/10/12,10:49:36,55.2,48.2,863.9,20181012104936
2018/10/12,10:49:38,56.0,49.2,878.5,20181012104938
2018/10/12,10:49:40,57.5,50.3,889.7,20181012104940
2018/10/12,10:49:42,59.5,51.3,896.9,20181012104942
2018/10/12,10:49:44,62.0,52.3,899.9,20181012104944
2018/10/12,10:49:46,64.8,53.1,898.5,20181012104946
2018/10/12,10:49:48,67.8,53.9,892.8,20181012104948
2018/10/12,10:49:50,70.9,54.4,883.0,20181012104950
2018/10/12,10:49:52,74.0,54.8,869.7,20181012104952
2018/10/12,10:49:54,76.9,54.9,853.2,20181012104954
2018/10/12,10:49:56,79.6,54.9,834.4,20181012104956
2018/10/12,10:49:58,81.7,54.6,814.2,20181012104958
2018/10/12,10:50:00,83.4,54.1,793.3,20181012105000
2018/10/12,10:50:02,84.5,53.4,772.7,20181012105002
2018/10/12,10:50:04,84.9,52.6,753.2,20181012105004
2018/10/12,10:50:06,84.7,51.7,735.9,20181012105006
2018/10/12,10:50:08,83.9,50.7,721.3,20181012105008
2018/10/12,10:50:10,82.4,49.6,710.2,20181012105010
2018/10/12,10:50:12,80.4,48.6,703.0,20181012105012
2018/10/12,10:50:14,77.9,47.6,700.0,20181012105014
2018/10/12,10:50:16,75.1,46.7,701.4,20181012105016
2018/10/12,10:50:18,72.1,46.0,707.2,20181012105018
2018/10/12,10:50:20,68.9,45.5,717.0,20181012105020
2018/10/12,10:50:22,65.8,45.1,730.4,20181012105022
2018/10/12,10:50:24,62.9,45.0,746.8,20181012105024
2018/10/12,10:50:26,60.3,45.0,765.6,20181012105026
2018/10/12,10:50:28,58.1,45.3,785.9,20181012105028
2018/10/12,10:50:30,56.5,45.8,806.8,20181012105030
2018/10/12,10:50:32,55.4,46.5,827.4,20181012105032
2018/10/12,10:50:34,55.0,47.3,846.8,20181012105034
2018/10/12,10:50:36,55.2,48.2,864.2,20181012105036
2018/10/12,10:50:38,56.0,49.3,878.7,20181012105038
2018/10/12,10:50:40,57.5,50.3,889.8,20181012105040
2018/10/12,10:50:42,59.5,51.3,897.0,20181012105042
2018/10/12,10:50:44,62.0,52.3,899.9,20181012105044
2018/10/12,10:50:46,64.8,53.2,898.4,20181012105046
2018/10/12,10:50:48,67.9,53.9,892.7,20181012105048
2018/10/12,10:50:50,71.0,54.4,882.9,20181012105050
2018/10/12,10:50:52,74.1,54.8,869.4,20181012105052
2018/10/12,10:50:54,77.0,54.9,852.9,20181012105054
2018/10/12,10:50:56,79.6,54.9,834.1,20181012105056
2018/10/12,10:50:58,81.8,54.6,813.8,20181012105058
2018/10/12,10:51:00,83.4,54.1,792.9,20181012105100
2018/10/12,10:51:02,84.5,53.4,772.3,20181012105102
2018/10/12,10:51:04,84.9,52.6,752.9,20181012105104
2018/10/12,10:51:06,84.7,51.7,735.6,20181012105106
2018/10/12,10:51:08,83.9,50.6,721.1,20181012105108
2018/10/12,10:51:10,82.4,49.6,710.0,20181012105110
2018/10/12,10:51:12,80.4,48.6,702.9,20181012105112
2018/10/12,10:51:14,77.9,47.6,700.0,20181012105114
2018/10/12,10:51:16,75.1,46.7,701.5,20181012105116
2018/10/12,10:51:18,72.0,46.0,707.3,20181012105118
2018/10/12,10:51:20,68.9,45.5,717.1,20181012105120
2018/10/12,10:51:22,65.8,45.1,730.6,20181012105122
2018/10/12,10:51:24,62.9,45.0,747.1,20181012105124
2018/10/12,10:51:26,60.3,45.0,765.9,20181012105126
2018/10/12,10:51:28,58.1,45.3,786.3,20181012105128
2018/10/12,10:51:30,56.5,45.8,807.2,20181012105130
2018/10/12,10:51:32,55.4,46.5,827.8,20181012105132
2018/10/12,10:51:34,55.0,47.3,847.1,20181012105134
2018/10/12,10:51:36,55.2,48.3,864.4,20181012105136
2018/10/12,10:51:38,56.1,49.3,878.9,20181012105138
2018/10/12,10:51:40,57.5,50.3,890.0,20181012105140
2018/10/12,10:51:42,59.6,51.3,897.1,20181012105142
2018/10/12,10:51:44,62.0,52.3,899.9,20181012105144
2018/10/12,10:51:46,64.9,53.2,898.4,20181012105146
2018/10/12,10:51:48,67.9,53.9,892.5,20181012105148
2018/10/12,10:51:50,71.0,54.5,882.7,20181012105150
2018/10/12,10:51:52,74.1,54.8,869.2,20181012105152
2018/10/12,10:51:54,77.0,54.9,852.6,20181012105154
2018/10/12,10:51:56,79.6,54.9,833.8,20181012105156
2018/10/12,10:51:58,81.8,54.6,813.5,20181012105158
2018/10/12,10:52:00,83.5,54.1,792.6,20181012105200
2018/10/12,10:52:02,84.5,53.4,772.0,20181012105202
2018/10/12,10:52:04,84.9,52.6,752.6,20181012105204
2018/10/12,10:52:06,84.7,51.6,735.3,20181012105206
2018/10/12,10:52:08,83.8,50.6,720.9,20181012105208
2018/10/12,10:52:10,82.3,49.6,709.9,20181012105210
2018/10/12,10:52:12,80.3,48.5,702.8,20181012105212
2018/10/12,10:52:14,77.8,47.6,700.0,20181012105214
2018/10/12,10:52:16,75.0,46.7,701.6,20181012105216
2018/10/12,10:52:18,72.0,46.0,707.4,20181012105218
2018/10/12,10:52:20,68.8,45.4,717.3,20181012105220
2018/10/12,10:52:22,65.7,45.1,730.9,20181012105222
2018/10/12,10:52:24,62.8,45.0,747.4,20181012105224
2018/10/12,10:52:26,60.2,45.0,766.3,20181012105226
2018/10/12,10:52:28,58.1,45.3,786.6,20181012105228
2018/10/12,10:52:30,56.4,45.8,807.5,20181012105230
2018/10/12,10:52:32,55.4,46.5,828.1,20181012105232
2018/10/12,10:52:34,55.0,47.3,847.4,20181012105234
2018/10/12,10:52:36,55.2,48.3,864.7,20181012105236
2018/10/12,10:52:38,56.1,49.3,879.1,20181012105238
2018/10/12,10:52:40,57.6,50.3,890.1,20181012105240
2018/10/12,10:52:42,59.6,51.4,897.1,20181012105242
2018/10/12,10:52:44,62.1,52.3,899.9,20181012105244
2018/10/12,10:52:46,64.9,53.2,898.3,20181012105246
2018/10/12,10:52:48,68.0,53.9,892.4,20181012105248
2018/10/12,10:52:50,71.1,54.5,882.5,20181012105250
2018/10/12,10:52:52,74.2,54.8,868.9,20181012105252
2018/10/12,10:52:54,77.1,54.9,852.3,20181012105254
2018/10/12,10:52:56,79.7,54.9,833.5,20181012105256
2018/10/12,10:52:58,81.8,54.6,813.1,20181012105258
2018/10/12,10:53:00,83.5,54.1,792.2,20181012105300
2018/10/12,10:53:02,84.5,53.4,771.6,20181012105302
2018/10/12,10:53:04,84.9,52.6,752.3,20181012105304
2018/10/12,10:53:06,84.7,51.6,735.1,20181012105306
2018/10/12,10:53:08,83.8,50.6,720.7,20181012105308
2018/10/12,10:53:10,82.3,49.6,709.7,20181012105310
2018/10/12,10:53:12,80.3,48.5,702.7,20181012105312
2018/10/12,10:53:14,77.8,47.6,700.0,20181012105314
2018/10/12,10:53:16,75.0,46.7,701.6,20181012105316
2018/10/12,10:53:18,71.9,46.0,707.6,20181012105318
2018/10/12,10:53:20,68.8,45.4,717.5,20181012105320
2018/10/12,10:53:22,65.7,45.1,731.1,20181012105322
2018/10/12,10:53:24,62.8,45.0,747.7,20181012105324
2018/10/12,10:53:26,60.2,45.0,766.6,20181012105326
2018/10/12,10:53:28,58.0,45.3,786.9,20181012105328
2018/10/12,10:53:30,56.4,45.8,807.9,20181012105330
2018/10/12,10:53:32,55.4,46.5,828.4,20181012105332
2018/10/12,10:53:34,55.0,47.3,847.7,20181012105334
2018/10/12,10:53:36,55.2,48.3,865.0,20181012105336
2018/10/12,10:53:38,56.1,49.3,879.4,20181012105338
2018/10/12,10:53:40,57.6,50.3,890.3,20181012105340
2018/10/12,10:53:42,59.6,51.4,897.2,20181012105342
2018/10/12,10:53:44,62.1,52.3,899.9,20181012105344
2018/10/12,10:53:46,65.0,53.2,898.2,20181012105346
2018/10/12,10:53:48,68.0,53.9,892.3,20181012105348
2018/10/12,10:53:50,71.2,54.5,882.3,20181012105350
2018/10/12,10:53:52,74.2,54.8,868.6,20181012105352
2018/10/12,10:53:54,77.1,54.9,852.0,20181012105354
2018/10/12,10:53:56,79.7,54.9,833.1,20181012105356
2018/10/12,10:53:58,81.9,54.6,812.8,20181012105358
2018/10/12,10:54:00,83.5,54.1,791.9,20181012105400
2018/10/12,10:54:02,84.5,53.4,771.3,20181012105402
2018/10/12,10:54:04,84.9,52.6,752.0,20181012105404
2018/10/12,10:54:06,84.7,51.6,734.8,20181012105406
2018/10/12,10:54:08,83.8,50.6,720.4,20181012105408
2018/10/12,10:54:10,82.3,49.5,709.6,20181012105410
2018/10/12,10:54:12,80.2,48.5,702.6,20181012105412
2018/10/12,10:54:14,77.7,47.6,700.0,20181012105414
2018/10/12,10:54:16,74.9,46.7,701.7,20181012105416
2018/10/12,10:54:18,71.9,46.0,707.7,20181012105418
2018/10/12,10:54:20,68.7,45.4,717.7,20181012105420
2018/10/12,10:54:22,65.6,45.1,731.4,20181012105422
2018/10/12,10:54:24,62.7,45.0,748.0,20181012105424
2018/10/12,10:54:26,60.2,45.0,766.9,20181012105426
2018/10/12,10:54:28,58.0,45.3,787.3,20181012105428
2018/10/12,10:54:30,56.4,45.8,808.2,20181012105430
2018/10/12,10:54:32,55.3,46.5,828.8,20181012105432
2018/10/12,10:54:34,55.0,47.4,848.0,20181012105434
2018/10/12,10:54:36,55.2,48.3,865.2,20181012105436
2018/10/12,10:54:38,56.1,49.3,879.6,20181012105438
2018/10/12,10:54:40,57.6,50.4,890.4,20181012105440
2018/10/12,10:54:42,59.7,51.4,897.3,20181012105442
2018/10/12,10:54:44,62.2,52.4,899.9,20181012105444
2018/10/12,10:54:46,65.0,53.2,898.2,20181012105446
2018/10/12,10:54:48,68.1,53.9,892.1,20181012105448
2018/10/12,10:54:50,71.2,54.5,882.1,20181012105450
2018/10/12,10:54:52,74.3,54.8,868.4,20181012105452
2018/10/12,10:54:54,77.2,54.9,851.7,20181012105454
2018/10/12,10:54:56,79.8,54.9,832.8,20181012105456
2018/10/12,10:54:58,81.9,54.6,812.4,20181012105458
2018/10/12,10:55:00,83.5,54.1,791.5,20181012105500
2018/10/12,10:55:02,84.6,53.4,771.0,20181012105502
2018/10/12,10:55:04,84.9,52.5,751.7,20181012105504
2018/10/12,10:55:06,84.7,51.6,734.5,20181012105506
2018/10/12,10:55:08,83.8,50.6,720.2,20181012105508
2018/10/12,10:55:10,82.3,49.5,709.4,20181012105510
2018/10/12,10:55:12,80.2,48.5,702.6,20181012105512
2018/10/12,10:55:14,77.7,47.5,700.0,20181012105514
2018/10/12,10:55:16,74.9,46.7,701.8,20181012105516
2018/10/12,10:55:18,71.8,46.0,707.8,20181012105518
2018/10/12,10:55:20,68.7,45.4,717.9,20181012105520
2018/10/12,10:55:22,65.6,45.1,731.6,20181012105522
2018/10/12,10:55:24,62.7,45.0,748.3,20181012105524
2018/10/12,10:55:26,60.1,45.0,767.3,20181012105526
2018/10/12,10:55:28,58.0,45.3,787.6,20181012105528
2018/10/12,10:55:30,56.4,45.9,808.6,20181012105530
2018/10/12,10:55:32,55.3,46.5,829.1,20181012105532
2018/10/12,10:55:34,55.0,47.4,848.4,20181012105534
2018/10/12,10:55:36,55.2,48.3,865.5,20181012105536
2018/10/12,10:55:38,56.1,49.3,879.8,20181012105538
2018/10/12,10:55:40,57.7,50.4,890.6,20181012105540
2018/10/12,10:55:42,59.7,51.4,897.4,20181012105542
2018/10/12,10:55:44,62.2,52.4,899.9,20181012105544
2018/10/12,10:55:46,65.1,53.2,898.1,20181012105546
2018/10/12,10:55:48,68.1,53.9,892.0,20181012105548
2018/10/12,10:55:50,71.3,54.5,881.9,20181012105550
2018/10/12,10:55:52,74.3,54.8,868.1,20181012105552
2018/10/12,10:55:54,77.2,54.9,851.4,20181012105554
2018/10/12,10:55:56,79.8,54.9,832.5,20181012105556
2018/10/12,10:55:58,81.9,54.6,812.1,20181012105558
2018/10/12,10:56:00,83.5,54.0,791.2,20181012105600
2018/10/12,10:56:02,84.6,53.4,770.6,20181012105602
2018/10/12,10:56:04,84.9,52.5,751.4,20181012105604
2018/10/12,10:56:06,84.7,51.6,734.3,20181012105606
2018/10/12,10:56:08,83.8,50.6,720.0,20181012105608
2018/10/12,10:56:10,82.2,49.5,709.3,20181012105610
2018/10/12,10:56:12,80.2,48.5,702.5,20181012105612
2018/10/12,10:56:14,77.7,47.5,700.0,20181012105614
2018/10/12,10:56:16,74.8,46.7,701.8,20181012105616
2018/10/12,10:56:18,71.8,46.0,708.0,20181012105618
2018/10/12,10:56:20,68.6,45.4,718.1,20181012105620
2018/10/12,10:56:22,65.5,45.1,731.9,20181012105622
2018/10/12,10:56:24,62.7,45.0,748.6,20181012105624
2018/10/12,10:56:26,60.1,45.0,767.6,20181012105626
2018/10/12,10:56:28,58.0,45.4,788.0,20181012105628
2018/10/12,10:56:30,56.3,45.9,808.9,20181012105630
2018/10/12,10:56:32,55.3,46.5,829.4,20181012105632
2018/10/12,10:56:34,55.0,47.4,848.7,20181012105634
2018/10/12,10:56:36,55.2,48.3,865.8,20181012105636
2018/10/12,10:56:38,56.2,49.4,880.0,20181012105638
2018/10/12,10:56:40,57.7,50.4,890.7,20181012105640
2018/10/12,10:56:42,59.8,51.4,897.5,20181012105642
2018/10/12,10:56:44,62.3,52.4,899.9,20181012105644
2018/10/12,10:56:46,65.1,53.2,898.0,20181012105646
2018/10/12,10:56:48,68.2,54.0,891.9,20181012105648
2018/10/12,10:56:50,71.3,54.5,881.7,20181012105650
2018/10/12,10:56:52,74.4,54.8,867.9,20181012105652
2018/10/12,10:56:54,77.3,54.9,851.1,20181012105654
2018/10/12,10:56:56,79.8,54.9,832.1,20181012105656
2018/10/12,10:56:58,82.0,54.5,811.7,20181012105658
2018/10/12,10:57:00,83.6,54.0,790.8,20181012105700
2018/10/12,10:57:02,84.6,53.3,770.3,20181012105702
2018/10/12,10:57:04,84.9,52.5,751.1,20181012105704
2018/10/12,10:57:06,84.7,51.6,734.0,20181012105706
2018/10/12,10:57:08,83.7,50.5,719.8,20181012105708
2018/10/12,10:57:10,82.2,49.5,709.1,20181012105710
2018/10/12,10:57:12,80.1,48.5,702.4,20181012105712
2018/10/12,10:57:14,77.6,47.5,700.0,20181012105714
2018/10/12,10:57:16,74.8,46.7,701.9,20181012105716
2018/10/12,10:57:18,71.7,45.9,708.1,20181012105718
2018/10/12,10:57:20,68.6,45.4,718.3,20181012105720
2018/10/12,10:57:22,65.5,45.1,732.1,20181012105722
2018/10/12,10:57:24,62.6,45.0,748.9,20181012105724
2018/10/12,10:57:26,60.0,45.0,767.9,20181012105726
2018/10/12,10:57:28,57.9,45.4,788.3,20181012105728
2018/10/12,10:57:30,56.3,45.9,809.3,20181012105730
2018/10/12,10:57:32,55.3,46.6,829.8,20181012105732
2018/10/12,10:57:34,55.0,47.4,849.0,20181012105734
2018/10/12,10:57:36,55.2,48.4,866.0,20181012105736
2018/10/12,10:57:38,56.2,49.4,880.2,20181012105738
2018/10/12,10:57:40,57.7,50.4,890.9,20181012105740
2018/10/12,10:57:42,59.8,51.4,897.5,20181012105742
2018/10/12,10:57:44,62.3,52.4,899.9,20181012105744
2018/10/12,10:57:46,65.2,53.3,898.0,20181012105746
2018/10/12,10:57:48,68.2,54.0,891.7,20181012105748
2018/10/12,10:57:50,71.4,54.5,881.5,20181012105750
2018/10/12,10:57:52,74.4,54.8,867.6,20181012105752
2018/10/12,10:57:54,77.3,54.9,850.8,20181012105754
2018/10/12,10:57:56,79.9,54.9,831.8,20181012105756
2018/10/12,10:57:58,82.0,54.5,811.4,20181012105758
2018/10/12,10:58:00,83.6,54.0,790.5,20181012105800
2018/10/12,10:58:02,84.6,53.3,770.0,20181012105802
2018/10/12,10:58:04,84.9,52.5,750.8,20181012105804
2018/10/12,10:58:06,84.7,51.5,733.7,20181012105806
2018/10/12,10:58:08,83.7,50.5,719.6,20181012105808
2018/10/12,10:58:10,82.2,49.5,709.0,20181012105810
2018/10/12,10:58:12,80.1,48.4,702.3,20181012105812
2018/10/12,10:58:14,77.6,47.5,700.0,20181012105814
2018/10/12,10:58:16,74.7,46.6,702.0,20181012105816
2018/10/12,10:58:18,71.6,45.9,708.2,20181012105818
2018/10/12,10:58:20,68.5,45.4,718.5,20181012105820
2018/10/12,10:58:22,65.4,45.1,732.4,20181012105822
2018/10/12,10:58:24,62.6,45.0,749.2,20181012105824
2018/10/12,10:58:26,60.0,45.1,768.3,20181012105826
2018/10/12,10:58:28,57.9,45.4,788.7,20181012105828
2018/10/12,10:58:30,56.3,45.9,809.6,20181012105830
2018/10/12,10:58:32,55.3,46.6,830.1,20181012105832
2018/10/12,10:58:34,55.0,47.4,849.3,20181012105834
2018/10/12,10:58:36,55.3,48.4,866.3,20181012105836
2018/10/12,10:58:38,56.2,49.4,880.4,20181012105838
2018/10/12,10:58:40,57.7,50.4,891.0,20181012105840
2018/10/12,10:58:42,59.8,51.5,897.6,20181012105842
2018/10/12,10:58:44,62.4,52.4,899.9,20181012105844
2018/10/12,10:58:46,65.2,53.3,897.9,20181012105846
2018/10/12,10:58:48,68.3,54.0,891.6,20181012105848
2018/10/12,10:58:50,71.4,54.5,881.3,20181012105850
2018/10/12,10:58:52,74.5,54.8,867.4,20181012105852
2018/10/12,10:58:54,77.4,54.9,850.5,20181012105854
2018/10/12,10:58:56,79.9,54.8,831.5,20181012105856
2018/10/12,10:58:58,82.0,54.5,811.0,20181012105858
2018/10/12,10:59:00,83.6,54.0,790.1,20181012105900
2018/10/12,10:59:02,84.6,53.3,769.6,20181012105902
2018/10/12,10:59:04,84.9,52.5,750.5,20181012105904
2018/10/12,10:59:06,84.6,51.5,733.5,20181012105906
2018/10/12,10:59:08,83.7,50.5,719.4,20181012105908
2018/10/12,10:59:10,82.1,49.5,708.8,20181012105910
2018/10/12,10:59:12,80.0,48.4,702.3,20181012105912
2018/10/12,10:59:14,77.5,47.5,700.0,20181012105914
2018/10/12,10:59:16,74.7,46.6,702.0,20181012105916
2018/10/12,10:59:18,71.6,45.9,708.4,20181012105918
2018/10/12,10:59:20,68.5,45.4,718.7,20181012105920
2018/10/12,10:59:22,65.4,45.1,732.7,20181012105922
2018/10/12,10:59:24,62.5,45.0,749.5,20181012105924
2018/10/12,10:59:26,60.0,45.1,768.6,20181012105926
2018/10/12,10:59:28,57.9,45.4,789.0,20181012105928
2018/10/12,10:59:30,56.3,45.9,809.9,20181012105930
2018/10/12,10:59:32,55.3,46.6,830.4,20181012105932
2018/10/12,10:59:34,55.0,47.4,849.6,20181012105934
2018/10/12,10:59:36,55.3,48.4,866.5,20181012105936
2018/10/12,10:59:38,56.2,49.4,880.6,20181012105938
2018/10/12,10:59:40,57.8,50.5,891.1,20181012105940
2018/10/12,10:59:42,59.9,51.5,897.7,20181012105942
2018/10/12,10:59:44,62.4,52.4,899.9,20181012105944
2018/10/12,10:59:46,65.3,53.3,897.8,20181012105946
2018/10/12,10:59:48,68.3,54.0,891.4,20181012105948
2018/10/12,10:59:50,71.5,54.5,881.1,20181012105950
2018/10/12,10:59:52,74.5,54.8,867.1,20181012105952
2018/10/12,10:59:54,77.4,54.9,850.2,20181012105954
2018/10/12,10:59:56,80.0,54.8,831.1,20181012105956
2018/10/12,10:59:58,82.1,54.5,810.7,20181012105958
2018/10/12,11:00:00,83.6,54.0,789.8,20181012110000
2018/10/12,11:00:02,84.6,53.3,769.3,20181012110002
2018/10/12,11:00:04,84.9,52.5,750.2,20181012110004
2018/10/12,11:00:06,84.6,51.5,733.2,20181012110006
2018/10/12,11:00:08,83.7,50.5,719.2,20181012110008
2018/10/12,11:00:10,82.1,49.4,708.7,20181012110010
2018/10/12,11:00:12,80.0,48.4,702.2,20181012110012
2018/10/12,11:00:14,77.5,47.5,700.0,20181012110014
2018/10/12,11:00:16,74.6,46.6,702.1,20181012110016
2018/10/12,11:00:18,71.5,45.9,708.5,20181012110018
2018/10/12,11:00:20,68.4,45.4,718.9,20181012110020
2018/10/12,11:00:22,65.3,45.1,732.9,20181012110022
2018/10/12,11:00:24,62.5,45.0,749.8,20181012110024
2018/10/12,11:00:26,59.9,45.1,768.9,20181012110026
2018/10/12,11:00:28,57.8,45.4,789.4,20181012110028
2018/10/12,11:00:30,56.3,45.9,810.3,20181012110030
2018/10/12,11:00:32,55.3,46.6,830.8,20181012110032
2018/10/12,11:00:34,55.0,47.4,849.9,20181012110034
2018/10/12,11:00:36,55.3,48.4,866.8,20181012110036
2018/10/12,11:00:38,56.2,49.4,880.8,20181012110038
2018/10/12,11:00:40,57.8,50.5,891.3,20181012110040
2018/10/12,11:00:42,59.9,51.5,897.8,20181012110042
2018/10/12,11:00:44,62.4,52.4,899.9,20181012110044
2018/10/12,11:00:46,65.3,53.3,897.8,20181012110046
2018/10/12,11:00:48,68.4,54.0,891.3,20181012110048
2018/10/12,11:00:50,71.5,54.5,880.8,20181012110050
2018/10/12,11:00:52,74.6,54.8,866.9,20181012110052
2018/10/12,11:00:54,77.5,54.9,849.9,20181012110054
2018/10/12,11:00:56,80.0,54.8,830.8,20181012110056
2018/10/12,11:00:58,82.1,54.5,810.4,20181012110058
2018/10/12,11:01:00,83.7,54.0,789.4,20181012110100
2018/10/12,11:01:02,84.6,53.3,769.0,20181012110102
2018/10/12,11:01:04,84.9,52.4,749.9,20181012110104
2018/10/12,11:01:06,84.6,51.5,733.0,20181012110106
2018/10/12,11:01:08,83.6,50.5,719.0,20181012110108
2018/10/12,11:01:10,82.1,49.4,708.5,20181012110110
2018/10/12,11:01:12,80.0,48.4,702.1,20181012110112
2018/10/12,11:01:14,77.4,47.4,700.0,20181012110114
2018/10/12,11:01:16,74.6,46.6,702.2,20181012110116
2018/10/12,11:01:18,71.5,45.9,708.7,20181012110118
2018/10/12,11:01:20,68.4,45.4,719.2,20181012110120
2018/10/12,11:01:22,65.3,45.1,733.2,20181012110122
2018/10/12,11:01:24,62.4,45.0,750.1,20181012110124
2018/10/12,11:01:26,59.9,45.1,769.3,20181012110126
2018/10/12,11:01:28,57.8,45.4,789.7,20181012110128
2018/10/12,11:01:30,56.2,45.9,810.6,20181012110130
2018/10/12,11:01:32,55.3,46.6,831.1,20181012110132
2018/10/12,11:01:34,55.0,47.5,850.2,20181012110134
2018/10/12,11:01:36,55.3,48.4,867.1,20181012110136
2018/10/12,11:01:38,56.3,49.4,881.0,20181012110138
2018/10/12,11:01:40,57.8,50.5,891.4,20181012110140
2018/10/12,11:01:42,59.9,51.5,897.8,20181012110142
2018/10/12,11:01:44,62.5,52.5,899.9,20181012110144
2018/10/12,11:01:46,65.4,53.3,897.7,20181012110146
2018/10/12,11:01:48,68.4,54.0,891.2,20181012110148
2018/10/12,11:01:50,71.6,54.5,880.6,20181012110150
2018/10/12,11:01:52,74.6,54.8,866.6,20181012110152
2018/10/12,11:01:54,77.5,54.9,849.6,20181012110154
2018/10/12,11:01:56,80.0,54.8,830.5,20181012110156
2018/10/12,11:01:58,82.1,54.5,810.0,20181012110158
2018/10/12,11:02:00,83.7,54.0,789.1,20181012110200
2018/10/12,11:02:02,84.6,53.3,768.6,20181012110202
2018/10/12,11:02:04,84.9,52.4,749.6,20181012110204
2018/10/12,11:02:06,84.6,51.5,732.7,20181012110206
2018/10/12,11:02:08,83.6,50.4,718.8,20181012110208
2018/10/12,11:02:10,82.0,49.4,708.4,20181012110210
2018/10/12,11:02:12,79.9,48.4,702.0,20181012110212
2018/10/12,11:02:14,77.4,47.4,700.0,20181012110214
2018/10/12,11:02:16,74.5,46.6,702.2,20181012110216
2018/10/12,11:02:18,71.4,45.9,708.8,20181012110218
2018/10/12,11:02:20,68.3,45.4,719.4,20181012110220
2018/10/12,11:02:22,65.2,45.1,733.4,20181012110222
2018/10/12,11:02:24,62.4,45.0,750.4,20181012110224
2018/10/12,11:02:26,59.9,45.1,769.6,20181012110226
2018/10/12,11:02:28,57.8,45.4,790.1,20181012110228
2018/10/12,11:02:30,56.2,45.9,811.0,20181012110230
2018/10/12,11:02:32,55.3,46.6,831.4,20181012110232
2018/10/12,11:02:34,55.0,47.5,850.5,20181012110234
2018/10/12,11:02:36,55.3,48.4,867.3,20181012110236
2018/10/12,11:02:38,56.3,49.5,881.2,20181012110238
2018/10/12,11:02:40,57.9,50.5,891.6,20181012110240
2018/10/12,11:02:42,60.0,51.5,897.9,20181012110242
2018/10/12,11:02:44,62.5,52.5,899.9,20181012110244
2018/10/12,11:02:46,65.4,53.3,897.6,20181012110246
2018/10/12,11:02:48,68.5,54.0,891.0,20181012110248
2018/10/12,11:02:50,71.6,54.5,880.4,20181012110250
2018/10/12,11:02:52,74.7,54.8,866.3,20181012110252
2018/10/12,11:02:54,77.5,54.9,849.3,20181012110254
2018/10/12,11:02:56,80.1,54.8,830.1,20181012110256
2018/10/12,11:02:58,82.2,54.5,809.7,20181012110258
2018/10/12,11:03:00,83.7,54.0,788.7,20181012110300
2018/10/12,11:03:02,84.6,53.3,768.3,20181012110302
2018/10/12,11:03:04,84.9,52.4,749.3,20181012110304
2018/10/12,11:03:06,84.6,51.5,732.4,20181012110306
2018/10/12,11:03:08,83.6,50.4,718.6,20181012110308
2018/10/12,11:03:10,82.0,49.4,708.3,20181012110310
2018/10/12,11:03:12,79.9,48.4,702.0,20181012110312
2018/10/12,11:03:14,77.3,47.4,700.0,20181012110314
2018/10/12,11:03:16,74.5,46.6,702.3,20181012110316
2018/10/12,11:03:18,71.4,45.9,709.0,20181012110318
2018/10/12,11:03:20,68.3,45.4,719.6,20181012110320
2018/10/12,11:03:22,65.2,45.1,733.7,20181012110322
2018/10/12,11:03:24,62.3,45.0,750.7,20181012110324
2018/10/12,11:03:26,59.8,45.1,769.9,20181012110326
2018/10/12,11:03:28,57.7,45.4,790.4,20181012110328
2018/10/12,11:03:30,56.2,45.9,811.3,20181012110330
2018/10/12,11:03:32,55.2,46.6,831.8,20181012110332
2018/10/12,11:03:34,55.0,47.5,850.8,20181012110334
2018/10/12,11:03:36,55.3,48.5,867.6,20181012110336
2018/10/12,11:03:38,56.3,49.5,881.4,20181012110338
2018/10/12,11:03:40,57.9,50.5,891.7,20181012110340
2018/10/12,11:03:42,60.0,51.5,898.0,20181012110342
2018/10/12,11:03:44,62.6,52.5,899.9,20181012110344
2018/10/12,11:03:46,65.5,53.3,897.5,20181012110346
2018/10/12,11:03:48,68.5,54.0,890.9,20181012110348
2018/10/12,11:03:50,71.7,54.5,880.2,20181012110350
2018/10/12,11:03:52,74.7,54.9,866.1,20181012110352
2018/10/12,11:03:54,77.6,54.9,849.0,20181012110354
2018/10/12,11:03:56,80.1,54.8,829.8,20181012110356
2018/10/12,11:03:58,82.2,54.5,809.3,20181012110358
2018/10/12,11:04:00,83.7,54.0,788.4,20181012110400
2018/10/12,11:04:02,84.7,53.3,768.0,20181012110402
2018/10/12,11:04:04,84.9,52.4,749.0,20181012110404
2018/10/12,11:04:06,84.6,51.4,732.2,20181012110406
2018/10/12,11:04:08,83.6,50.4,718.4,20181012110408
2018/10/12,11:04:10,82.0,49.4,708.1,20181012110410
2018/10/12,11:04:12,79.9,48.3,701.9,20181012110412
2018/10/12,11:04:14,77.3,47.4,700.0,20181012110414
2018/10/12,11:04:16,74.4,46.6,702.4,20181012110416
2018/10/12,11:04:18,71.3,45.9,709.1,20181012110418
2018/10/12,11:04:20,68.2,45.4,719.8,20181012110420
2018/10/12,11:04:22,65.1,45.0,734.0,20181012110422
2018/10/12,11:04:24,62.3,45.0,751.0,20181012110424
2018/10/12,11:04:26,59.8,45.1,770.3,20181012110426
2018/10/12,11:04:28,57.7,45.4,790.8,20181012110428
2018/10/12,11:04:30,56.2,45.9,811.7,20181012110430
2018/10/12,11:04:32,55.2,46.7,832.1,20181012110432
2018/10/12,11:04:34,55.0,47.5,851.1,20181012110434
2018/10/12,11:04:36,55.3,48.5,867.8,20181012110436
2018/10/12,11:04:38,56.3,49.5,881.6,20181012110438
2018/10/12,11:04:40,57.9,50.5,891.8,20181012110440
2018/10/12,11:04:42,60.1,51.6,898.0,20181012110442
2018/10/12,11:04:44,62.6,52.5,899.9,20181012110444
2018/10/12,11:04:46,65.5,53.3,897.5,20181012110446
2018/10/12,11:04:48,68.6,54.0,890.7,20181012110448
2018/10/12,11:04:50,71.7,54.5,880.0,20181012110450
2018/10/12,11:04:52,74.8,54.9,865.8,20181012110452
2018/10/12,11:04:54,77.6,54.9,848.7,20181012110454
2018/10/12,11:04:56,80.1,54.8,829.5,20181012110456
2018/10/12,11:04:58,82.2,54.5,809.0,20181012110458
2018/10/12,11:05:00,83.7,54.0,788.0,20181012110500
2018/10/12,11:05:02,84.7,53.2,767.7,20181012110502
2018/10/12,11:05:04,84.9,52.4,748.7,20181012110504
2018/10/12,11:05:06,84.6,51.4,731.9,20181012110506
2018/10/12,11:05:08,83.6,50.4,718.2,20181012110508
2018/10/12,11:05:10,81.9,49.4,708.0,20181012110510
2018/10/12,11:05:12,79.8,48.3,701.8,20181012110512
2018/10/12,11:05:14,77.2,47.4,700.0,20181012110514
2018/10/12,11:05:16,74.4,46.5,702.5,20181012110516
2018/10/12,11:05:18,71.3,45.9,709.2,20181012110518
2018/10/12,11:05:20,68.1,45.4,720.0,20181012110520
2018/10/12,11:05:22,65.1,45.0,734.2,20181012110522
2018/10/12,11:05:24,62.2,45.0,751.3,20181012110524
2018/10/12,11:05:26,59.7,45.1,770.6,20181012110526
2018/10/12,11:05:28,57.7,45.4,791.1,20181012110528
2018/10/12,11:05:30,56.1,46.0,812.0,20181012110530
2018/10/12,11:05:32,55.2,46.7,832.4,20181012110532
2018/10/12,11:05:34,55.0,47.5,851.4,20181012110534
2018/10/12,11:05:36,55.3,48.5,868.1,20181012110536
2018/10/12,11:05:38,56.4,49.5,881.8,20181012110538
2018/10/12,11:05:40,58.0,50.6,892.0,20181012110540
2018/10/12,11:05:42,60.1,51.6,898.1,20181012110542
2018/10/12,11:05:44,62.7,52.5,899.9,20181012110544
2018/10/12,11:05:46,65.6,53.4,897.4,20181012110546
2018/10/12,11:05:48,68.6,54.0,890.6,20181012110548
2018/10/12,11:05:50,71.8,54.6,879.8,20181012110550
2018/10/12,11:05:52,74.8,54.9,865.5,20181012110552
2018/10/12,11:05:54,77.7,54.9,848.4,20181012110554
2018/10/12,11:05:56,80.2,54.8,829.1,20181012110556
2018/10/12,11:05:58,82.2,54.5,808.6,20181012110558
2018/10/12,11:06:00,83.8,53.9,787.7,20181012110600
2018/10/12,11:06:02,84.7,53.2,767.3,20181012110602
2018/10/12,11:06:04,84.9,52.4,748.4,20181012110604
2018/10/12,11:06:06,84.6,51.4,731.7,20181012110606
2018/10/12,11:06:08,83.5,50.4,718.0,20181012110608
2018/10/12,11:06:10,81.9,49.3,707.9,20181012110610
2018/10/12,11:06:12,79.8,48.3,701.8,20181012110612
2018/10/12,11:06:14,77.2,47.4,700.0,20181012110614
2018/10/12,11:06:16,74.3,46.5,702.5,20181012110616
2018/10/12,11:06:18,71.2,45.8,709.4,20181012110618
2018/10/12,11:06:20,68.1,45.3,720.2,20181012110620
2018/10/12,11:06:22,65.0,45.0,734.5,20181012110622
2018/10/12,11:06:24,62.2,45.0,751.6,20181012110624
2018/10/12,11:06:26,59.7,45.1,770.9,20181012110626
2018/10/12,11:06:28,57.6,45.4,791.5,20181012110628
2018/10/12,11:06:30,56.1,46.0,812.4,20181012110630
2018/10/12,11:06:32,55.2,46.7,832.7,20181012110632
2018/10/12,11:06:34,55.0,47.5,851.7,20181012110634
2018/10/12,11:06:36,55.3,48.5,868.4,20181012110636
2018/10/12,11:06:38,56.4,49.5,882.0,20181012110638
2018/10/12,11:06:40,58.0,50.6,892.1,20181012110640
2018/10/12,11:06:42,60.1,51.6,898.2,20181012110642
2018/10/12,11:06:44,62.7,52.5,899.9,20181012110644
2018/10/12,11:06:46,65.6,53.4,897.3,20181012110646
2018/10/12,11:06:48,68.7,54.1,890.4,20181012110648
2018/10/12,11:06:50,71.8,54.6,879.6,20181012110650
2018/10/12,11:06:52,74.9,54.9,865.3,20181012110652
2018/10/12,11:06:54,77.7,54.9,848.1,20181012110654
2018/10/12,11:06:56,80.2,54.8,828.8,20181012110656
2018/10/12,11:06:58,82.3,54.5,808.3,20181012110658
2018/10/12,11:07:00,83.8,53.9,787.4,20181012110700
2018/10/12,11:07:02,84.7,53.2,767.0,20181012110702
2018/10/12,11:07:04,84.9,52.4,748.1,20181012110704
2018/10/12,11:07:06,84.6,51.4,731.4,20181012110706
2018/10/12,11:07:08,83.5,50.4,717.8,20181012110708
2018/10/12,11:07:10,81.9,49.3,707.7,20181012110710
2018/10/12,11:07:12,79.7,48.3,701.7,20181012110712
2018/10/12,11:07:14,77.2,47.4,700.0,20181012110714
2018/10/12,11:07:16,74.3,46.5,702.6,20181012110716
2018/10/12,11:07:18,71.2,45.8,709.5,20181012110718
2018/10/12,11:07:20,68.0,45.3,720.4,20181012110720
2018/10/12,11:07:22,65.0,45.0,734.8,20181012110722
2018/10/12,11:07:24,62.2,45.0,752.0,20181012110724
2018/10/12,11:07:26,59.7,45.1,771.3,20181012110726
2018/10/12,11:07:28,57.6,45.4,791.8,20181012110728
2018/10/12,11:07:30,56.1,46.0,812.7,20181012110730
2018/10/12,11:07:32,55.2,46.7,833.1,20181012110732
2018/10/12,11:07:34,55.0,47.6,852.0,20181012110734
2018/10/12,11:07:36,55.4,48.5,868.6,20181012110736
2018/10/12,11:07:38,56.4,49.5,882.2,20181012110738
2018/10/12,11:07:40,58.0,50.6,892.3,20181012110740
2018/10/12,11:07:42,60.2,51.6,898.2,20181012110742
2018/10/12,11:07:44,62.8,52.6,899.9,20181012110744
2018/10/12,11:07:46,65.7,53.4,897.2,20181012110746
2018/10/12,11:07:48,68.7,54.1,890.3,20181012110748
2018/10/12,11:07:50,71.9,54.6,879.4,20181012110750
2018/10/12,11:07:52,74.9,54.9,865.0,20181012110752
2018/10/12,11:07:54,77.8,54.9,847.8,20181012110754
2018/10/12,11:07:56,80.3,54.8,828.5,20181012110756
2018/10/12,11:07:58,82.3,54.5,807.9,20181012110758
2018/10/12,11:08:00,83.8,53.9,787.0,20181012110800
2018/10/12,11:08:02,84.7,53.2,766.7,20181012110802
2018/10/12,11:08:04,84.9,52.3,747.8,20181012110804
2018/10/12,11:08:06,84.5,51.4,731.2,20181012110806
2018/10/12,11:08:08,83.5,50.3,717.6,20181012110808
2018/10/12,11:08:10,81.9,49.3,707.6,20181012110810
2018/10/12,11:08:12,79.7,48.3,701.6,20181012110812
2018/10/12,11:08:14,77.1,47.3,700.0,20181012110814
2018/10/12,11:08:16,74.2,46.5,702.7,20181012110816
2018/10/12,11:08:18,71.1,45.8,709.7,20181012110818
2018/10/12,11:08:20,68.0,45.3,720.6,20181012110820
2018/10/12,11:08:22,64.9,45.0,735.0,20181012110822
2018/10/12,11:08:24,62.1,45.0,752.3,20181012110824
2018/10/12,11:08:26,59.6,45.1,771.6,20181012110826
2018/10/12,11:08:28,57.6,45.4,792.2,20181012110828
2018/10/12,11:08:30,56.1,46.0,813.1,20181012110830
2018/10/12,11:08:32,55.2,46.7,833.4,20181012110832
2018/10/12,11:08:34,55.0,47.6,852.3,20181012110834
2018/10/12,11:08:36,55.4,48.5,868.9,20181012110836
2018/10/12,11:08:38,56.4,49.6,882.4,20181012110838
2018/10/12,11:08:40,58.1,50.6,892.4,20181012110840
2018/10/12,11:08:42,60.2,51.6,898.3,20181012110842
2018/10/12,11:08:44,62.8,52.6,899.9,20181012110844
2018/10/12,11:08:46,65.7,53.4,897.1,20181012110846
2018/10/12,11:08:48,68.8,54.1,890.1,20181012110848
2018/10/12,11:08:50,71.9,54.6,879.2,20181012110850
2018/10/12,11:08:52,75.0,54.9,864.7,20181012110852
2018/10/12,11:08:54,77.8,54.9,847.5,20181012110854
2018/10/12,11:08:56,80.3,54.8,828.1,20181012110856
2018/10/12,11:08:58,82.3,54.5,807.6,20181012110858
2018/10/12,11:09:00,83.8,53.9,786.7,20181012110900
2018/10/12,11:09:02,84.7,53.2,766.3,20181012110902
2018/10/12,11:09:04,84.9,52.3,747.5,20181012110904
2018/10/12,11:09:06,84.5,51.4,730.9,20181012110906
2018/10/12,11:09:08,83.5,50.3,717.4,20181012110908
2018/10/12,11:09:10,81.8,49.3,707.4,20181012110910
2018/10/12,11:09:12,79.7,48.3,701.6,20181012110912
2018/10/12,11:09:14,77.1,47.3,700.0,20181012110914
2018/10/12,11:09:16,74.2,46.5,702.8,20181012110916
2018/10/12,11:09:18,71.1,45.8,709.8,20181012110918
2018/10/12,11:09:20,67.9,45.3,720.8,20181012110920
2018/10/12,11:09:22,64.9,45.0,735.3,20181012110922
2018/10/12,11:09:24,62.1,45.0,752.6,20181012110924
2018/10/12,11:09:26,59.6,45.1,771.9,20181012110926
2018/10/12,11:09:28,57.6,45.4,792.5,20181012110928
2018/10/12,11:09:30,56.1,46.0,813.4,20181012110930
2018/10/12,11:09:32,55.2,46.7,833.7,20181012110932
2018/10/12,11:09:34,55.0,47.6,852.6,20181012110934
2018/10/12,11:09:36,55.4,48.6,869.1,20181012110936
2018/10/12,11:09:38,56.4,49.6,882.6,20181012110938
2018/10/12,11:09:40,58.1,50.6,892.5,20181012110940
2018/10/12,11:09:42,60.3,51.6,898.4,20181012110942
2018/10/12,11:09:44,62.9,52.6,899.9,20181012110944
2018/10/12,11:09:46,65.8,53.4,897.1,20181012110946
2018/10/12,11:09:48,68.9,54.1,890.0,20181012110948
2018/10/12,11:09:50,72.0,54.6,879.0,20181012110950
2018/10/12,11:09:52,75.0,54.9,864.5,20181012110952
2018/10/12,11:09:54,77.9,54.9,847.2,20181012110954
2018/10/12,11:09:56,80.3,54.8,827.8,20181012110956
2018/10/12,11:09:58,82.4,54.5,807.2,20181012110958
2018/10/12,11:10:00,83.8,53.9,786.3,20181012111000
2018/10/12,11:10:02,84.7,53.2,766.0,20181012111002
2018/10/12,11:10:04,84.9,52.3,747.2,20181012111004
2018/10/12,11:10:06,84.5,51.3,730.7,20181012111006
2018/10/12,11:10:08,83.4,50.3,717.2,20181012111008
2018/10/12,11:10:10,81.8,49.3,707.3,20181012111010
2018/10/12,11:10:12,79.6,48.2,701.5,20181012111012
2018/10/12,11:10:14,77.0,47.3,700.0,20181012111014
2018/10/12,11:10:16,74.1,46.5,702.9,20181012111016
2018/10/12,11:10:18,71.0,45.8,710.0,20181012111018
2018/10/12,11:10:20,67.9,45.3,721.0,20181012111020
2018/10/12,11:10:22,64.8,45.0,735.6,20181012111022
2018/10/12,11:10:24,62.0,45.0,752.9,20181012111024
2018/10/12,11:10:26,59.5,45.1,772.3,20181012111026
2018/10/12,11:10:28,57.5,45.5,792.9,20181012111028
2018/10/12,11:10:30,56.0,46.0,813.8,20181012111030
2018/10/12,11:10:32,55.2,46.7,834.1,20181012111032
2018/10/12,11:10:34,55.0,47.6,852.9,20181012111034
2018/10/12,11:10:36,55.4,48.6,869.4,20181012111036
2018/10/12,11:10:38,56.5,49.6,882.8,20181012111038
2018/10/12,11:10:40,58.1,50.6,892.6,20181012111040
2018/10/12,11:10:42,60.3,51.7,898.4,20181012111042
2018/10/12,11:10:44,62.9,52.6,899.9,20181012111044
2018/10/12,11:10:46,65.8,53.4,897.0,20181012111046
2018/10/12,11:10:48,68.9,54.1,889.8,20181012111048
2018/10/12,11:10:50,72.0,54.6,878.7,20181012111050
2018/10/12,11:10:52,75.1,54.9,864.2,20181012111052
2018/10/12,11:10:54,77.9,54.9,846.9,20181012111054
2018/10/12,11:10:56,80.4,54.8,827.5,20181012111056
2018/10/12,11:10:58,82.4,54.4,806.9,20181012111058
2018/10/12,11:11:00,83.9,53.9,786.0,20181012111100
2018/10/12,11:11:02,84.7,53.2,765.7,20181012111102
2018/10/12,11:11:04,84.9,52.3,746.9,20181012111104
2018/10/12,11:11:06,84.5,51.3,730.4,20181012111106
2018/10/12,11:11:08,83.4,50.3,717.0,20181012111108
2018/10/12,11:11:10,81.8,49.2,707.2,20181012111110
2018/10/12,11:11:12,79.6,48.2,701.4,20181012111112
2018/10/12,11:11:14,77.0,47.3,700.0,20181012111114
2018/10/12,11:11:16,74.1,46.5,703.0,20181012111116
2018/10/12,11:11:18,71.0,45.8,710.1,20181012111118
2018/10/12,11:11:20,67.8,45.3,721.3,20181012111120
2018/10/12,11:11:22,64.8,45.0,735.8,20181012111122
2018/10/12,11:11:24,62.0,45.0,753.2,20181012111124
2018/10/12,11:11:26,59.5,45.1,772.6,20181012111126
2018/10/12,11:11:28,57.5,45.5,793.2,20181012111128
2018/10/12,11:11:30,56.0,46.0,814.1,20181012111130
2018/10/12,11:11:32,55.2,46.7,834.4,20181012111132
2018/10/12,11:11:34,55.0,47.6,853.2,20181012111134
2018/10/12,11:11:36,55.4,48.6,869.6,20181012111136
2018/10/12,11:11:38,56.5,49.6,883.0,20181012111138
2018/10/12,11:11:40,58.2,50.7,892.8,20181012111140
2018/10/12,11:11:42,60.3,51.7,898.5,20181012111142
2018/10/12,11:11:44,63.0,52.6,899.9,20181012111144
2018/10/12,11:11:46,65.9,53.4,896.9,20181012111146
2018/10/12,11:11:48,69.0,54.1,889.7,20181012111148
2018/10/12,11:11:50,72.1,54.6,878.5,20181012111150
2018/10/12,11:11:52,75.1,54.9,863.9,20181012111152
2018/10/12,11:11:54,77.9,54.9,846.6,20181012111154
2018/10/12,11:11:56,80.4,54.8,827.1,20181012111156
2018/10/12,11:11:58,82.4,54.4,806.5,20181012111158
2018/10/12,11:12:00,83.9,53.9,785.6,20181012111200
2018/10/12,11:12:02,84.7,53.1,765.3,20181012111202
2018/10/12,11:12:04,84.9,52.3,746.6,20181012111204
2018/10/12,11:12:06,84.5,51.3,730.2,20181012111206
2018/10/12,11:12:08,83.4,50.3,716.8,20181012111208
2018/10/12,11:12:10,81.7,49.2,707.1,20181012111210
2018/10/12,11:12:12,79.5,48.2,701.4,20181012111212
2018/10/12,11:12:14,76.9,47.3,700.0,20181012111214
2018/10/12,11:12:16,74.0,46.5,703.0,20181012111216
2018/10/12,11:12:18,70.9,45.8,710.3,20181012111218
2018/10/12,11:12:20,67.8,45.3,721.5,20181012111220
2018/10/12,11:12:22,64.7,45.0,736.1,20181012111222
2018/10/12,11:12:24,61.9,45.0,753.5,20181012111224
2018/10/12,11:12:26,59.5,45.1,772.9,20181012111226
2018/10/12,11:12:28,57.5,45.5,793.6,20181012111228
2018/10/12,11:12:30,56.0,46.0,814.5,20181012111230
2018/10/12,11:12:32,55.2,46.8,834.7,20181012111232
2018/10/12,11:12:34,55.0,47.6,853.5,20181012111234
2018/10/12,11:12:36,55.4,48.6,869.9,20181012111236
2018/10/12,11:12:38,56.5,49.6,883.2,20181012111238
2018/10/12,11:12:40,58.2,50.7,892.9,20181012111240
2018/10/12,11:12:42,60.4,51.7,898.5,20181012111242
2018/10/12,11:12:44,63.0,52.6,899.9,20181012111244
2018/10/12,11:12:46,65.9,53.4,896.8,20181012111246
2018/10/12,11:12:48,69.0,54.1,889.5,20181012111248
2018/10/12,11:12:50,72.1,54.6,878.3,20181012111250
2018/10/12,11:12:52,75.2,54.9,863.7,20181012111252
2018/10/12,11:12:54,78.0,54.9,846.3,20181012111254
2018/10/12,11:12:56,80.4,54.8,826.8,20181012111256
2018/10/12,11:12:58,82.4,54.4,806.2,20181012111258
2018/10/12,11:13:00,83.9,53.9,785.3,20181012111300
2018/10/12,11:13:02,84.7,53.1,765.0,20181012111302
2018/10/12,11:13:04,84.9,52.3,746.3,20181012111304
2018/10/12,11:13:06,84.5,51.3,729.9,20181012111306
2018/10/12,11:13:08,83.4,50.3,716.6,20181012111308
2018/10/12,11:13:10,81.7,49.2,706.9,20181012111310
2018/10/12,11:13:12,79.5,48.2,701.3,20181012111312
2018/10/12,11:13:14,76.9,47.3,700.0,20181012111314
2018/10/12,11:13:16,74.0,46.4,703.1,20181012111316
2018/10/12,11:13:18,70.9,45.8,710.5,20181012111318
2018/10/12,11:13:20,67.7,45.3,721.7,20181012111320
2018/10/12,11:13:22,64.7,45.0,736.4,20181012111322
2018/10/12,11:13:24,61.9,45.0,753.8,20181012111324
2018/10/12,11:13:26,59.4,45.1,773.3,20181012111326
2018/10/12,11:13:28,57.4,45.5,793.9,20181012111328
2018/10/12,11:13:30,56.0,46.0,814.8,20181012111330
2018/10/12,11:13:32,55.2,46.8,835.0,20181012111332
2018/10/12,11:13:34,55.0,47.6,853.8,20181012111334
2018/10/12,11:13:36,55.4,48.6,870.1,20181012111336
2018/10/12,11:13:38,56.5,49.7,883.4,20181012111338
2018/10/12,11:13:40,58.2,50.7,893.0,20181012111340
2018/10/12,11:13:42,60.4,51.7,898.6,20181012111342
2018/10/12,11:13:44,63.0,52.6,899.8,20181012111344
2018/10/12,11:13:46,66.0,53.5,896.7,20181012111346
2018/10/12,11:13:48,69.1,54.1,889.4,20181012111348
2018/10/12,11:13:50,72.2,54.6,878.1,20181012111350
2018/10/12,11:13:52,75.2,54.9,863.4,20181012111352
2018/10/12,11:13:54,78.0,54.9,845.9,20181012111354
2018/10/12,11:13:56,80.5,54.8,826.5,20181012111356
2018/10/12,11:13:58,82.5,54.4,805.8,20181012111358
2018/10/12,11:14:00,83.9,53.9,784.9,20181012111400
2018/10/12,11:14:02,84.8,53.1,764.7,20181012111402
2018/10/12,11:14:04,84.9,52.2,746.0,20181012111404
2018/10/12,11:14:06,84.5,51.3,729.7,20181012111406
2018/10/12,11:14:08,83.4,50.2,716.4,20181012111408
2018/10/12,11:14:10,81.7,49.2,706.8,20181012111410
2018/10/12,11:14:12,79.5,48.2,701.3,20181012111412
2018/10/12,11:14:14,76.8,47.2,700.1,20181012111414
2018/10/12,11:14:16,73.9,46.4,703.2,20181012111416
2018/10/12,11:14:18,70.8,45.8,710.6,20181012111418
2018/10/12,11:14:20,67.7,45.3,721.9,20181012111420
2018/10/12,11:14:22,64.6,45.0,736.6,20181012111422
2018/10/12,11:14:24,61.8,45.0,754.1,20181012111424
2018/10/12,11:14:26,59.4,45.1,773.6,20181012111426
2018/10/12,11:14:28,57.4,45.5,794.2,20181012111428
2018/10/12,11:14:30,56.0,46.0,815.1,20181012111430
2018/10/12,11:14:32,55.1,46.8,835.4,20181012111432
2018/10/12,11:14:34,55.0,47.7,854.0,20181012111434
2018/10/12,11:14:36,55.4,48.6,870.4,20181012111436
2018/10/12,11:14:38,56.6,49.7,883.6,20181012111438
2018/10/12,11:14:40,58.3,50.7,893.2,20181012111440
2018/10/12,11:14:42,60.5,51.7,898.7,20181012111442
2018/10/12,11:14:44,63.1,52.7,899.8,20181012111444
2018/10/12,11:14:46,66.0,53.5,896.6,20181012111446
2018/10/12,11:14:48,69.1,54.1,889.2,20181012111448
2018/10/12,11:14:50,72.2,54.6,877.9,20181012111450
2018/10/12,11:14:52,75.3,54.9,863.1,20181012111452
2018/10/12,11:14:54,78.1,54.9,845.6,20181012111454
2018/10/12,11:14:56,80.5,54.8,826.1,20181012111456
2018/10/12,11:14:58,82.5,54.4,805.5,20181012111458
2018/10/12,11:15:00,83.9,53.8,784.6,20181012111500
2018/10/12,11:15:02,84.8,53.1,764.4,20181012111502
2018/10/12,11:15:04,84.9,52.2,745.7,20181012111504
2018/10/12,11:15:06,84.4,51.3,729.4,20181012111506
2018/10/12,11:15:08,83.3,50.2,716.2,20181012111508
2018/10/12,11:15:10,81.6,49.2,706.7,20181012111510
2018/10/12,11:15:12,79.4,48.2,701.2,20181012111512
2018/10/12,11:15:14,76.8,47.2,700.1,20181012111514
2018/10/12,11:15:16,73.9,46.4,703.3,20181012111516
2018/10/12,11:15:18,70.8,45.8,710.8,20181012111518
2018/10/12,11:15:20,67.6,45.3,722.1,20181012111520
2018/10/12,11:15:22,64.6,45.0,736.9,20181012111522
2018/10/12,11:15:24,61.8,45.0,754.4,20181012111524
2018/10/12,11:15:26,59.4,45.1,773.9,20181012111526
2018/10/12,11:15:28,57.4,45.5,794.6,20181012111528
2018/10/12,11:15:30,56.0,46.1,815.5,20181012111530
2018/10/12,11:15:32,55.1,46.8,835.7,20181012111532
2018/10/12,11:15:34,55.0,47.7,854.3,20181012111534
2018/10/12,11:15:36,55.5,48.7,870.6,20181012111536
2018/10/12,11:15:38,56.6,49.7,883.8,20181012111538
2018/10/12,11:15:40,58.3,50.7,893.3,20181012111540
2018/10/12,11:15:42,60.5,51.7,898.7,20181012111542
2018/10/12,11:15:44,63.1,52.7,899.8,20181012111544
2018/10/12,11:15:46,66.1,53.5,896.5,20181012111546
2018/10/12,11:15:48,69.2,54.1,889.1,20181012111548
2018/10/12,11:15:50,72.3,54.6,877.7,20181012111550
2018/10/12,11:15:52,75.3,54.9,862.9,20181012111552
2018/10/12,11:15:54,78.1,54.9,845.3,20181012111554
2018/10/12,11:15:56,80.6,54.8,825.8,20181012111556
2018/10/12,11:15:58,82.5,54.4,805.1,20181012111558
2018/10/12,11:16:00,84.0,53.8,784.2,20181012111600
2018/10/12,11:16:02,84.8,53.1,764.0,20181012111602
2018/10/12,11:16:04,84.9,52.2,745.4,20181012111604
2018/10/12,11:16:06,84.4,51.2,729.2,20181012111606
2018/10/12,11:16:08,83.3,50.2,716.0,20181012111608
2018/10/12,11:16:10,81.6,49.2,706.5,20181012111610
2018/10/12,11:16:12,79.4,48.2,701.2,20181012111612
2018/10/12,11:16:14,76.7,47.2,700.1,20181012111614
2018/10/12,11:16:16,73.8,46.4,703.4,20181012111616
2018/10/12,11:16:18,70.7,45.8,710.9,20181012111618
2018/10/12,11:16:20,67.6,45.3,722.4,20181012111620
2018/10/12,11:16:22,64.5,45.0,737.2,20181012111622
2018/10/12,11:16:24,61.8,45.0,754.7,20181012111624
2018/10/12,11:16:26,59.3,45.1,774.3,20181012111626
2018/10/12,11:16:28,57.4,45.5,794.9,20181012111628
2018/10/12,11:16:30,55.9,46.1,815.8,20181012111630
2018/10/12,11:16:32,55.1,46.8,836.0,20181012111632
2018/10/12,11:16:34,55.0,47.7,854.6,20181012111634
2018/10/12,11:16:36,55.5,48.7,870.9,20181012111636
2018/10/12,11:16:38,56.6,49.7,884.0,20181012111638
2018/10/12,11:16:40,58.3,50.7,893.4,20181012111640
2018/10/12,11:16:42,60.5,51.8,898.8,20181012111642
2018/10/12,11:16:44,63.2,52.7,899.8,20181012111644
2018/10/12,11:16:46,66.1,53.5,896.5,20181012111646
2018/10/12,11:16:48,69.2,54.2,888.9,20181012111648
2018/10/12,11:16:50,72.3,54.6,877.4,20181012111650
2018/10/12,11:16:52,75.4,54.9,862.6,20181012111652
2018/10/12,11:16:54,78.2,54.9,845.0,20181012111654
2018/10/12,11:16:56,80.6,54.8,825.5,20181012111656
2018/10/12,11:16:58,82.6,54.4,804.8,20181012111658
2018/10/12,11:17:00,84.0,53.8,783.9,20181012111700
2018/10/12,11:17:02,84.8,53.1,763.7,20181012111702
2018/10/12,11:17:04,84.9,52.2,745.1,20181012111704
2018/10/12,11:17:06,84.4,51.2,728.9,20181012111706
2018/10/12,11:17:08,83.3,50.2,715.8,20181012111708
2018/10/12,11:17:10,81.6,49.1,706.4,20181012111710
2018/10/12,11:17:12,79.3,48.1,701.1,20181012111712
2018/10/12,11:17:14,76.7,47.2,700.1,20181012111714
2018/10/12,11:17:16,73.8,46.4,703.5,20181012111716
2018/10/12,11:17:18,70.7,45.7,711.1,20181012111718
2018/10/12,11:17:20,67.5,45.3,722.6,20181012111720
2018/10/12,11:17:22,64.5,45.0,737.4,20181012111722
2018/10/12,11:17:24,61.7,45.0,755.0,20181012111724
2018/10/12,11:17:26,59.3,45.1,774.6,20181012111726
2018/10/12,11:17:28,57.3,45.5,795.3,20181012111728
2018/10/12,11:17:30,55.9,46.1,816.2,20181012111730
2018/10/12,11:17:32,55.1,46.8,836.3,20181012111732
2018/10/12,11:17:34,55.0,47.7,854.9,20181012111734
2018/10/12,11:17:36,55.5,48.7,871.1,20181012111736
2018/10/12,11:17:38,56.6,49.7,884.2,20181012111738
2018/10/12,11:17:40,58.4,50.8,893.5,20181012111740
2018/10/12,11:17:42,60.6,51.8,898.8,20181012111742
2018/10/12,11:17:44,63.2,52.7,899.8,20181012111744
2018/10/12,11:17:46,66.2,53.5,896.4,20181012111746
2018/10/12,11:17:48,69.3,54.2,888.7,20181012111748
2018/10/12,11:17:50,72.4,54.6,877.2,20181012111750
2018/10/12,11:17:52,75.4,54.9,862.3,20181012111752
2018/10/12,11:17:54,78.2,54.9,844.7,20181012111754
2018/10/12,11:17:56,80.6,54.8,825.1,20181012111756
2018/10/12,11:17:58,82.6,54.4,804.4,20181012111758
2018/10/12,11:18:00,84.0,53.8,783.6,20181012111800
2018/10/12,11:18:02,84.8,53.1,763.4,20181012111802
2018/10/12,11:18:04,84.9,52.2,744.8,20181012111804
2018/10/12,11:18:06,84.4,51.2,728.7,20181012111806
2018/10/12,11:18:08,83.3,50.2,715.6,20181012111808
2018/10/12,11:18:10,81.5,49.1,706.3,20181012111810
2018/10/12,11:18:12,79.3,48.1,701.1,20181012111812
2018/10/12,11:18:14,76.6,47.2,700.1,20181012111814
2018/10/12,11:18:16,73.7,46.4,703.6,20181012111816
2018/10/12,11:18:18,70.6,45.7,711.2,20181012111818
2018/10/12,11:18:20,67.5,45.3,722.8,20181012111820
2018/10/12,11:18:22,64.4,45.0,737.7,20181012111822
2018/10/12,11:18:24,61.7,45.0,755.4,20181012111824
2018/10/12,11:18:26,59.2,45.1,775.0,20181012111826
2018/10/12,11:18:28,57.3,45.5,795.6,20181012111828
2018/10/12,11:18:30,55.9,46.1,816.5,20181012111830
2018/10/12,11:18:32,55.1,46.8,836.7,20181012111832
2018/10/12,11:18:34,55.0,47.7,855.2,20181012111834
2018/10/12,11:18:36,55.5,48.7,871.3,20181012111836
2018/10/12,11:18:38,56.7,49.7,884.4,20181012111838
2018/10/12,11:18:40,58.4,50.8,893.7,20181012111840
2018/10/12,11:18:42,60.6,51.8,898.9,20181012111842
2018/10/12,11:18:44,63.3,52.7,899.8,20181012111844
2018/10/12,11:18:46,66.2,53.5,896.3,20181012111846
2018/10/12,11:18:48,69.3,54.2,888.6,20181012111848
2018/10/12,11:18:50,72.5,54.6,877.0,20181012111850
2018/10/12,11:18:52,75.5,54.9,862.0,20181012111852
2018/10/12,11:18:54,78.3,54.9,844.4,20181012111854
2018/10/12,11:18:56,80.7,54.8,824.8,20181012111856
2018/10/12,11:18:58,82.6,54.4,804.1,20181012111858
2018/10/12,11:19:00,84.0,53.8,783.2,20181012111900
2018/10/12,11:19:02,84.8,53.1,763.1,20181012111902
2018/10/12,11:19:04,84.9,52.2,744.5,20181012111904
2018/10/12,11:19:06,84.4,51.2,728.4,20181012111906
2018/10/12,11:19:08,83.2,50.2,715.5,20181012111908
2018/10/12,11:19:10,81.5,49.1,706.2,20181012111910
2018/10/12,11:19:12,79.3,48.1,701.0,20181012111912
2018/10/12,11:19:14,76.6,47.2,700.2,20181012111914
2018/10/12,11:19:16,73.7,46.4,703.7,20181012111916
2018/10/12,11:19:18,70.6,45.7,711.4,20181012111918
2018/10/12,11:19:20,67.4,45.3,723.0,20181012111920
2018/10/12,11:19:22,64.4,45.0,738.0,20181012111922
2018/10/12,11:19:24,61.6,45.0,755.7,20181012111924
2018/10/12,11:19:26,59.2,45.1,775.3,20181012111926
2018/10/12,11:19:28,57.3,45.5,796.0,20181012111928
2018/10/12,11:19:30,55.9,46.1,816.9,20181012111930
2018/10/12,11:19:32,55.1,46.9,837.0,20181012111932
2018/10/12,11:19:34,55.0,47.7,855.5,20181012111934
2018/10/12,11:19:36,55.5,48.7,871.6,20181012111936
2018/10/12,11:19:38,56.7,49.8,884.5,20181012111938
2018/10/12,11:19:40,58.4,50.8,893.8,20181012111940
2018/10/12,11:19:42,60.7,51.8,898.9,20181012111942
2018/10/12,11:19:44,63.3,52.7,899.7,20181012111944
2018/10/12,11:19:46,66.3,53.5,896.2,20181012111946
2018/10/12,11:19:48,69.4,54.2,888.4,20181012111948
2018/10/12,11:19:50,72.5,54.6,876.8,20181012111950
2018/10/12,11:19:52,75.5,54.9,861.8,20181012111952
2018/10/12,11:19:54,78.3,54.9,844.1,20181012111954
2018/10/12,11:19:56,80.7,54.8,824.4,20181012111956
2018/10/12,11:19:58,82.6,54.4,803.7,20181012111958
2018/10/12,11:20:00,84.0,53.8,782.9,20181012112000
2018/10/12,11:20:02,84.8,53.0,762.7,20181012112002
2018/10/12,11:20:04,84.9,52.2,744.2,20181012112004
2018/10/12,11:20:06,84.4,51.2,728.2,20181012112006
2018/10/12,11:20:08,83.2,50.1,715.3,20181012112008
2018/10/12,11:20:10,81.5,49.1,706.1,20181012112010
2018/10/12,11:20:12,79.2,48.1,701.0,20181012112012
2018/10/12,11:20:14,76.6,47.2,700.2,20181012112014
2018/10/12,11:20:16,73.6,46.4,703.8,20181012112016
2018/10/12,11:20:18,70.5,45.7,711.6,20181012112018
2018/10/12,11:20:20,67.4,45.3,723.2,20181012112020
2018/10/12,11:20:22,64.4,45.0,738.3,20181012112022
2018/10/12,11:20:24,61.6,45.0,756.0,20181012112024
2018/10/12,11:20:26,59.2,45.1,775.6,20181012112026
2018/10/12,11:20:28,57.2,45.5,796.3,20181012112028
2018/10/12,11:20:30,55.9,46.1,817.2,20181012112030
2018/10/12,11:20:32,55.1,46.9,837.3,20181012112032
2018/10/12,11:20:34,55.0,47.8,855.8,20181012112034
2018/10/12,11:20:36,55.5,48.7,871.8,20181012112036
2018/10/12,11:20:38,56.7,49.8,884.7,20181012112038
2018/10/12,11:20:40,58.5,50.8,893.9,20181012112040
2018/10/12,11:20:42,60.7,51.8,899.0,20181012112042
2018/10/12,11:20:44,63.4,52.7,899.7,20181012112044
2018/10/12,11:20:46,66.3,53.5,896.1,20181012112046
2018/10/12,11:20:48,69.4,54.2,888.2,20181012112048
2018/10/12,11:20:50,72.6,54.6,876.5,20181012112050
2018/10/12,11:20:52,75.6,54.9,861.5,20181012112052
2018/10/12,11:20:54,78.3,54.9,843.8,20181012112054
2018/10/12,11:20:56,80.7,54.8,824.1,20181012112056
2018/10/12,11:20:58,82.7,54.4,803.4,20181012112058
2018/10/12,11:21:00,84.0,53.8,782.5,20181012112100
2018/10/12,11:21:02,84.8,53.0,762.4,20181012112102
2018/10/12,11:21:04,84.9,52.1,744.0,20181012112104
2018/10/12,11:21:06,84.4,51.2,727.9,20181012112106
2018/10/12,11:21:08,83.2,50.1,715.1,20181012112108
2018/10/12,11:21:10,81.4,49.1,705.9,20181012112110
2018/10/12,11:21:12,79.2,48.1,700.9,20181012112112
2018/10/12,11:21:14,76.5,47.1,700.2,20181012112114
2018/10/12,11:21:16,73.6,46.3,703.9,20181012112116
2018/10/12,11:21:18,70.4,45.7,711.7,20181012112118
2018/10/12,11:21:20,67.3,45.2,723.5,20181012112120
2018/10/12,11:21:22,64.3,45.0,738.5,20181012112122
2018/10/12,11:21:24,61.5,45.0,756.3,20181012112124
2018/10/12,11:21:26,59.1,45.1,776.0,20181012112126
2018/10/12,11:21:28,57.2,45.5,796.7,20181012112128
2018/10/12,11:21:30,55.8,46.1,817.6,20181012112130
2018/10/12,11:21:32,55.1,46.9,837.6,20181012112132
2018/10/12,11:21:34,55.0,47.8,856.1,20181012112134
2018/10/12,11:21:36,55.5,48.8,872.1,20181012112136
2018/10/12,11:21:38,56.7,49.8,884.9,20181012112138
2018/10/12,11:21:40,58.5,50.8,894.0,20181012112140
2018/10/12,11:21:42,60.8,51.8,899.0,20181012112142
2018/10/12,11:21:44,63.4,52.8,899.7,20181012112144
2018/10/12,11:21:46,66.4,53.6,896.0,20181012112146
2018/10/12,11:21:48,69.5,54.2,888.1,20181012112148
2018/10/12,11:21:50,72.6,54.7,876.3,20181012112150
2018/10/12,11:21:52,75.6,54.9,861.2,20181012112152
2018/10/12,11:21:54,78.4,54.9,843.4,20181012112154
2018/10/12,11:21:56,80.8,54.8,823.8,20181012112156
2018/10/12,11:21:58,82.7,54.4,803.0,20181012112158
2018/10/12,11:22:00,84.1,53.8,782.2,20181012112200
2018/10/12,11:22:02,84.8,53.0,762.1,20181012112202
2018/10/12,11:22:04,84.9,52.1,743.7,20181012112204
2018/10/12,11:22:06,84.4,51.1,727.7,20181012112206
2018/10/12,11:22:08,83.2,50.1,714.9,20181012112208
2018/10/12,11:22:10,81.4,49.1,705.8,20181012112210
2018/10/12,11:22:12,79.1,48.1,700.9,20181012112212
2018/10/12,11:22:14,76.5,47.1,700.2,20181012112214
2018/10/12,11:22:16,73.5,46.3,704.0,20181012112216
2018/10/12,11:22:18,70.4,45.7,711.9,20181012112218
2018/10/12,11:22:20,67.3,45.2,723.7,20181012112220
2018/10/12,11:22:22,64.3,45.0,738.8,20181012112222
2018/10/12,11:22:24,61.5,45.0,756.6,20181012112224
2018/10/12,11:22:26,59.1,45.2,776.3,20181012112226
2018/10/12,11:22:28,57.2,45.5,797.0,20181012112228
2018/10/12,11:22:30,55.8,46.1,817.9,20181012112230
2018/10/12,11:22:32,55.1,46.9,838.0,20181012112232
2018/10/12,11:22:34,55.0,47.8,856.4,20181012112234
2018/10/12,11:22:36,55.6,48.8,872.3,20181012112236
2018/10/12,11:22:38,56.8,49.8,885.1,20181012112238
2018/10/12,11:22:40,58.5,50.9,894.1,20181012112240
2018/10/12,11:22:42,60.8,51.9,899.1,20181012112242
2018/10/12,11:22:44,63.5,52.8,899.7,20181012112244
2018/10/12,11:22:46,66.4,53.6,895.9,20181012112246
2018/10/12,11:22:48,69.5,54.2,887.9,20181012112248
2018/10/12,11:22:50,72.7,54.7,876.1,20181012112250
2018/10/12,11:22:52,75.7,54.9,860.9,20181012112252
2018/10/12,11:22:54,78.4,54.9,843.1,20181012112254
2018/10/12,11:22:56,80.8,54.7,823.4,20181012112256
2018/10/12,11:22:58,82.7,54.3,802.7,20181012112258
2018/10/12,11:23:00,84.1,53.8,781.8,20181012112300
2018/10/12,11:23:02,84.8,53.0,761.8,20181012112302
2018/10/12,11:23:04,84.9,52.1,743.4,20181012112304
2018/10/12,11:23:06,84.3,51.1,727.5,20181012112306
2018/10/12,11:23:08,83.1,50.1,714.7,20181012112308
2018/10/12,11:23:10,81.4,49.0,705.7,20181012112310
2018/10/12,11:23:12,79.1,48.0,700.8,20181012112312
2018/10/12,11:23:14,76.4,47.1,700.3,20181012112314
2018/10/12,11:23:16,73.5,46.3,704.1,20181012112316
2018/10/12,11:23:18,70.3,45.7,712.1,20181012112318
2018/10/12,11:23:20,67.2,45.2,723.9,20181012112320
2018/10/12,11:23:22,64.2,45.0,739.1,20181012112322
2018/10/12,11:23:24,61.4,45.0,756.9,20181012112324
2018/10/12,11:23:26,59.1,45.2,776.6,20181012112326
2018/10/12,11:23:28,57.2,45.6,797.4,20181012112328
2018/10/12,11:23:30,55.8,46.2,818.2,20181012112330
2018/10/12,11:23:32,55.1,46.9,838.3,20181012112332
2018/10/12,11:23:34,55.0,47.8,856.7,20181012112334
2018/10/12,11:23:36,55.6,48.8,872.6,20181012112336
2018/10/12,11:23:38,56.8,49.8,885.3,20181012112338
2018/10/12,11:23:40,58.6,50.9,894.3,20181012112340
2018/10/12,11:23:42,60.8,51.9,899.1,20181012112342
2018/10/12,11:23:44,63.5,52.8,899.6,20181012112344
2018/10/12,11:23:46,66.5,53.6,895.8,20181012112346
2018/10/12,11:23:48,69.6,54.2,887.7,20181012112348
2018/10/12,11:23:50,72.7,54.7,875.9,20181012112350
2018/10/12,11:23:52,75.7,54.9,860.7,20181012112352
2018/10/12,11:23:54,78.5,54.9,842.8,20181012112354
2018/10/12,11:23:56,80.9,54.7,823.1,20181012112356
2018/10/12,11:23:58,82.8,54.3,802.3,20181012112358
2018/10/12,11:24:00,84.1,53.7,781.5,20181012112400
2018/10/12,11:24:02,84.8,53.0,761.4,20181012112402
2018/10/12,11:24:04,84.9,52.1,743.1,20181012112404
2018/10/12,11:24:06,84.3,51.1,727.2,20181012112406
2018/10/12,11:24:08,83.1,50.1,714.5,20181012112408
2018/10/12,11:24:10,81.3,49.0,705.6,20181012112410
2018/10/12,11:24:12,79.0,48.0,700.8,20181012112412
2018/10/12,11:24:14,76.4,47.1,700.3,20181012112414
2018/10/12,11:24:16,73.4,46.3,704.2,20181012112416
2018/10/12,11:24:18,70.3,45.7,712.2,20181012112418
2018/10/12,11:24:20,67.2,45.2,724.1,20181012112420
2018/10/12,11:24:22,64.2,45.0,739.4,20181012112422
2018/10/12,11:24:24,61.4,45.0,757.2,20181012112424
2018/10/12,11:24:26,59.0,45.2,777.0,20181012112426
2018/10/12,11:24:28,57.1,45.6,797.7,20181012112428
2018/10/12,11:24:30,55.8,46.2,818.6,20181012112430
2018/10/12,11:24:32,55.1,46.9,838.6,20181012112432
2018/10/12,11:24:34,55.0,47.8,857.0,20181012112434
2018/10/12,11:24:36,55.6,48.8,872.8,20181012112436
2018/10/12,11:24:38,56.8,49.8,885.5,20181012112438
2018/10/12,11:24:40,58.6,50.9,894.4,20181012112440
2018/10/12,11:24:42,60.9,51.9,899.2,20181012112442
2018/10/12,11:24:44,63.6,52.8,899.6,20181012112444
2018/10/12,11:24:46,66.5,53.6,895.7,20181012112446
2018/10/12,11:24:48,69.6,54.2,887.6,20181012112448
2018/10/12,11:24:50,72.8,54.7,875.6,20181012112450
2018/10/12,11:24:52,75.8,54.9,860.4,20181012112452
2018/10/12,11:24:54,78.5,54.9,842.5,20181012112454
2018/10/12,11:24:56,80.9,54.7,822.7,20181012112456
2018/10/12,11:24:58,82.8,54.3,802.0,20181012112458
2018/10/12,11:25:00,84.1,53.7,781.1,20181012112500
2018/10/12,11:25:02,84.8,53.0,761.1,20181012112502
2018/10/12,11:25:04,84.9,52.1,742.8,20181012112504
2018/10/12,11:25:06,84.3,51.1,727.0,20181012112506
2018/10/12,11:25:08,83.1,50.0,714.4,20181012112508
2018/10/12,11:25:10,81.3,49.0,705.5,20181012112510
2018/10/12,11:25:12,79.0,48.0,700.7,20181012112512
2018/10/12,11:25:14,76.3,47.1,700.3,20181012112514
2018/10/12,11:25:16,73.4,46.3,704.3,20181012112516
2018/10/12,11:25:18,70.2,45.7,712.4,20181012112518
2018/10/12,11:25:20,67.1,45.2,724.4,20181012112520
2018/10/12,11:25:22,64.1,45.0,739.6,20181012112522
2018/10/12,11:25:24,61.4,45.0,757.6,20181012112524
2018/10/12,11:25:26,59.0,45.2,777.3,20181012112526
2018/10/12,11:25:28,57.1,45.6,798.1,20181012112528
2018/10/12,11:25:30,55.8,46.2,818.9,20181012112530
2018/10/12,11:25:32,55.1,46.9,838.9,20181012112532
2018/10/12,11:25:34,55.0,47.8,857.2,20181012112534
2018/10/12,11:25:36,55.6,48.8,873.0,20181012112536
2018/10/12,11:25:38,56.8,49.9,885.6,20181012112538
2018/10/12,11:25:40,58.6,50.9,894.5,20181012112540
2018/10/12,11:25:42,60.9,51.9,899.2,20181012112542
2018/10/12,11:25:44,63.6,52.8,899.6,20181012112544
2018/10/12,11:25:46,66.6,53.6,895.6,20181012112546
2018/10/12,11:25:48,69.7,54.2,887.4,20181012112548
2018/10/12,11:25:50,72.8,54.7,875.4,20181012112550
2018/10/12,11:25:52,75.8,54.9,860.1,20181012112552
2018/10/12,11:25:54,78.6,54.9,842.2,20181012112554
2018/10/12,11:25:56,80.9,54.7,822.4,20181012112556
2018/10/12,11:25:58,82.8,54.3,801.6,20181012112558
2018/10/12,11:26:00,84.1,53.7,780.8,20181012112600
2018/10/12,11:26:02,84.8,53.0,760.8,20181012112602
2018/10/12,11:26:04,84.9,52.1,742.5,20181012112604
2018/10/12,11:26:06,84.3,51.1,726.7,20181012112606
2018/10/12,11:26:08,83.1,50.0,714.2,20181012112608
2018/10/12,11:26:10,81.3,49.0,705.4,20181012112610
2018/10/12,11:26:12,79.0,48.0,700.7,20181012112612
2018/10/12,11:26:14,76.3,47.1,700.3,20181012112614
2018/10/12,11:26:16,73.3,46.3,704.4,20181012112616
2018/10/12,11:26:18,70.2,45.7,712.6,20181012112618
2018/10/12,11:26:20,67.1,45.2,724.6,20181012112620
2018/10/12,11:26:22,64.1,45.0,739.9,20181012112622
2018/10/12,11:26:24,61.3,45.0,757.9,20181012112624
2018/10/12,11:26:26,59.0,45.2,777.7,20181012112626
2018/10/12,11:26:28,57.1,45.6,798.4,20181012112628
2018/10/12,11:26:30,55.8,46.2,819.3,20181012112630
2018/10/12,11:26:32,55.1,47.0,839.3,20181012112632
2018/10/12,11:26:34,55.0,47.8,857.5,20181012112634
2018/10/12,11:26:36,55.6,48.8,873.3,20181012112636
2018/10/12,11:26:38,56.9,49.9,885.8,20181012112638
2018/10/12,11:26:40,58.7,50.9,894.6,20181012112640
2018/10/12,11:26:42,61.0,51.9,899.2,20181012112642
2018/10/12,11:26:44,63.7,52.8,899.5,20181012112644
2018/10/12,11:26:46,66.6,53.6,895.5,20181012112646
2018/10/12,11:26:48,69.7,54.2,887.2,20181012112648
2018/10/12,11:26:50,72.9,54.7,875.2,20181012112650
2018/10/12,11:26:52,75.9,54.9,859.8,20181012112652
2018/10/12,11:26:54,78.6,54.9,841.9,20181012112654
2018/10/12,11:26:56,81.0,54.7,822.1,20181012112656
2018/10/12,11:26:58,82.8,54.3,801.3,20181012112658
2018/10/12,11:27:00,84.2,53.7,780.5,20181012112700
2018/10/12,11:27:02,84.8,52.9,760.5,20181012112702
2018/10/12,11:27:04,84.9,52.0,742.2,20181012112704
2018/10/12,11:27:06,84.3,51.1,726.5,20181012112706
2018/10/12,11:27:08,83.0,50.0,714.0,20181012112708
2018/10/12,11:27:10,81.2,49.0,705.2,20181012112710
2018/10/12,11:27:12,78.9,48.0,700.6,20181012112712
2018/10/12,11:27:14,76.2,47.1,700.4,20181012112714
2018/10/12,11:27:16,73.2,46.3,704.5,20181012112716
2018/10/12,11:27:18,70.1,45.7,712.7,20181012112718
2018/10/12,11:27:20,67.0,45.2,724.8,20181012112720
2018/10/12,11:27:22,64.0,45.0,740.2,20181012112722
2018/10/12,11:27:24,61.3,45.0,758.2,20181012112724
2018/10/12,11:27:26,58.9,45.2,778.0,20181012112726
2018/10/12,11:27:28,57.0,45.6,798.8,20181012112728
2018/10/12,11:27:30,55.7,46.2,819.6,20181012112730
2018/10/12,11:27:32,55.1,47.0,839.6,20181012112732
2018/10/12,11:27:34,55.0,47.9,857.8,20181012112734
2018/10/12,11:27:36,55.6,48.9,873.5,20181012112736
2018/10/12,11:27:38,56.9,49.9,886.0,20181012112738
2018/10/12,11:27:40,58.7,50.9,894.7,20181012112740
2018/10/12,11:27:42,61.0,51.9,899.3,20181012112742
2018/10/12,11:27:44,63.7,52.8,899.5,20181012112744
2018/10/12,11:27:46,66.7,53.6,895.4,20181012112746
2018/10/12,11:27:48,69.8,54.3,887.1,20181012112748
2018/10/12,11:27:50,72.9,54.7,875.0,20181012112750
2018/10/12,11:27:52,75.9,54.9,859.6,20181012112752
2018/10/12,11:27:54,78.6,54.9,841.5,20181012112754
2018/10/12,11:27:56,81.0,54.7,821.7,20181012112756
2018/10/12,11:27:58,82.9,54.3,800.9,20181012112758
2018/10/12,11:28:00,84.2,53.7,780.1,20181012112800
2018/10/12,11:28:02,84.9,52.9,760.2,20181012112802
2018/10/12,11:28:04,84.9,52.0,741.9,20181012112804
2018/10/12,11:28:06,84.3,51.0,726.3,20181012112806
2018/10/12,11:28:08,83.0,50.0,713.8,20181012112808
2018/10/12,11:28:10,81.2,49.0,705.1,20181012112810
2018/10/12,11:28:12,78.9,48.0,700.6,20181012112812
2018/10/12,11:28:14,76.2,47.0,700.4,20181012112814
2018/10/12,11:28:16,73.2,46.3,704.6,20181012112816
2018/10/12,11:28:18,70.1,45.6,712.9,20181012112818
2018/10/12,11:28:20,67.0,45.2,725.1,20181012112820
2018/10/12,11:28:22,64.0,45.0,740.5,20181012112822
2018/10/12,11:28:24,61.2,45.0,758.5,20181012112824
2018/10/12,11:28:26,58.9,45.2,778.4,20181012112826
2018/10/12,11:28:28,57.0,45.6,799.1,20181012112828
2018/10/12,11:28:30,55.7,46.2,820.0,20181012112830
2018/10/12,11:28:32,55.0,47.0,839.9,20181012112832
2018/10/12,11:28:34,55.0,47.9,858.1,20181012112834
2018/10/12,11:28:36,55.6,48.9,873.7,20181012112836
2018/10/12,11:28:38,56.9,49.9,886.2,20181012112838
2018/10/12,11:28:40,58.7,51.0,894.8,20181012112840
2018/10/12,11:28:42,61.0,52.0,899.3,20181012112842
2018/10/12,11:28:44,63.8,52.9,899.5,20181012112844
2018/10/12,11:28:46,66.7,53.6,895.3,20181012112846
2018/10/12,11:28:48,69.8,54.3,886.9,20181012112848
2018/10/12,11:28:50,73.0,54.7,874.7,20181012112850
2018/10/12,11:28:52,76.0,54.9,859.3,20181012112852
2018/10/12,11:28:54,78.7,54.9,841.2,20181012112854
2018/10/12,11:28:56,81.0,54.7,821.4,20181012112856
2018/10/12,11:28:58,82.9,54.3,800.6,20181012112858
2018/10/12,11:29:00,84.2,53.7,779.8,20181012112900
2018/10/12,11:29:02,84.9,52.9,759.8,20181012112902
2018/10/12,11:29:04,84.9,52.0,741.7,20181012112904
2018/10/12,11:29:06,84.2,51.0,726.0,20181012112906
2018/10/12,11:29:08,83.0,50.0,713.6,20181012112908
2018/10/12,11:29:10,81.2,48.9,705.0,20181012112910
2018/10/12,11:29:12,78.8,47.9,700.6,20181012112912
2018/10/12,11:29:14,76.1,47.0,700.4,20181012112914
2018/10/12,11:29:16,73.1,46.3,704.7,20181012112916
2018/10/12,11:29:18,70.0,45.6,713.1,20181012112918
2018/10/12,11:29:20,66.9,45.2,725.3,20181012112920
2018/10/12,11:29:22,63.9,45.0,740.8,20181012112922
2018/10/12,11:29:24,61.2,45.0,758.8,20181012112924
2018/10/12,11:29:26,58.9,45.2,778.7,20181012112926
2018/10/12,11:29:28,57.0,45.6,799.5,20181012112928
2018/10/12,11:29:30,55.7,46.2,820.3,20181012112930
2018/10/12,11:29:32,55.0,47.0,840.2,20181012112932
2018/10/12,11:29:34,55.0,47.9,858.4,20181012112934
2018/10/12,11:29:36,55.7,48.9,874.0,20181012112936
2018/10/12,11:29:38,56.9,49.9,886.3,20181012112938
2018/10/12,11:29:40,58.8,51.0,894.9,20181012112940
2018/10/12,11:29:42,61.1,52.0,899.4,20181012112942
2018/10/12,11:29:44,63.8,52.9,899.4,20181012112944
2018/10/12,11:29:46,66.8,53.7,895.2,20181012112946
2018/10/12,11:29:48,69.9,54.3,886.7,20181012112948
2018/10/12,11:29:50,73.0,54.7,874.5,20181012112950
2018/10/12,11:29:52,76.0,54.9,859.0,20181012112952
2018/10/12,11:29:54,78.7,54.9,840.9,20181012112954
2018/10/12,11:29:56,81.1,54.7,821.0,20181012112956
2018/10/12,11:29:58,82.9,54.3,800.2,20181012112958
2018/10/12,11:30:00,84.2,53.7,779.4,20181012113000
2018/10/12,11:30:02,84.9,52.9,759.5,20181012113002
2018/10/12,11:30:04,84.9,52.0,741.4,20181012113004
2018/10/12,11:30:06,84.2,51.0,725.8,20181012113006
2018/10/12,11:30:08,83.0,50.0,713.5,20181012113008
2018/10/12,11:30:10,81.1,48.9,704.9,20181012113010
2018/10/12,11:30:12,78.8,47.9,700.5,20181012113012
2018/10/12,11:30:14,76.1,47.0,700.5,20181012113014
2018/10/12,11:30:16,73.1,46.2,704.8,20181012113016
2018/10/12,11:30:18,70.0,45.6,713.3,20181012113018
2018/10/12,11:30:20,66.9,45.2,725.5,20181012113020
2018/10/12,11:30:22,63.9,45.0,741.0,20181012113022
2018/10/12,11:30:24,61.2,45.0,759.1,20181012113024
2018/10/12,11:30:26,58.8,45.2,779.0,20181012113026
2018/10/12,11:30:28,57.0,45.6,799.8,20181012113028
2018/10/12,11:30:30,55.7,46.2,820.6,20181012113030
2018/10/12,11:30:32,55.0,47.0,840.5,20181012113032
2018/10/12,11:30:34,55.0,47.9,858.7,20181012113034
2018/10/12,11:30:36,55.7,48.9,874.2,20181012113036
2018/10/12,11:30:38,57.0,49.9,886.5,20181012113038
2018/10/12,11:30:40,58.8,51.0,895.0,20181012113040
2018/10/12,11:30:42,61.1,52.0,899.4,20181012113042
2018/10/12,11:30:44,63.8,52.9,899.4,20181012113044
2018/10/12,11:30:46,66.8,53.7,895.1,20181012113046
